,,,,,,,,,,,,,,,,,,,,,,,,,,,,,,,,,,,,,,,,,,,,,,,,,,,,,,,,,,,,,,,,,,,,,,,,,,,,,,,,,,,,,,,,,,,,,,,,,,,,,,,,,,,,,,,,,,,,,,,,,,,,,,,,,,,,,,,,,,,,,,,,,,,,,,,,,,,,,,,,,,,,,,,,,,,,,,,,,,,,,,,,,,,,,,,,,,,,,,,,,,,,,
How To Use This Sheet,Link,,,,,,,,,,,,,,,,,,,,,,,,,,,,,,,,,,,,,,,,,,,,,,,,,,,,,,,,,,,,,,,,,,,,,,,,,,,,,,,,,,,,,,,,,,,,,,,,,,,,,,,,,,,,,,,,,,,,,,,,,,,,,,,,,,,,,,,,,,,,,,,,,,,,,,,,,,,,,,,,,,,,,,,,,,,,,,,,,,,,,,,,,,,,,,,,,,,,,,,,,,,,
Playlist Adds ,Link,,,,,,,,,,,,,,,,,,,,,,,,,,,,,,,,,,,,,,,,,,,,,,,,,,,,,,,,,,,,,,,,,,,,,,,,,,,,,,,,,,,,,,,,,,,,,,,,,,,,,,,,,,,,,,,,,,,,,,,,,,,,,,,,,,,,,,,,,,,,,,,,,,,,,,,,,,,,,,,,,,,,,,,,,,,,,,,,,,,,,,,,,,,,,,,,,,,,,,,,,,,,
Songs for Playlists/Digital Tracking,Link, , , , ,,,,, ,,,,,,,,,,,,,,,,,,,,,,,,,,,,,,,,,,,,,,,,,,,,,,,,,,,,,,,,,,,,,,,,,,,,,,,,,,,,,,,,,,,,,,,,,,,,,,,,,,,,,,,,,,,,,,,,,,,,,,,,,,,,,,,,,,,,,,,,,,,,,,,,,,,,,,,,,,,,,,,,,,,,,,,,,,,,,,,,,,,,,,,,,,,,,,,,,,,
,,,,,,,,,,,,,,,,,,,,,,,,,,,,,,,,,,,,,,,,,,,,,,,,,,,,,,,,,,,,,,,,,,,,,,,,,,,,,,,,,,,,,,,,,,,,,,,,,,,,,,,,,,,,,,,,,,,,,,,,,,,,,,,,,,,,,,,,,,,,,,,,,,,,,,,,,,,,,,,,,,,,,,,,,,,,,,,,,,,,,,,,,,,,,,,,,,,,,,,,,,,,,
Brian Dunne,,,,,,,,,,,,,,,,,,,,,,,,,,,,,,,,,,,,,,,,,,,,,,,,,,,,,,,,,,,,,,,,,,,,,,,,,,,,,,,,,,,,,,,,,,,,,,,,,,,,,,,,,,,,,,,,,,,,,,,,,,,,,,,,,,,,,,,,,,,,,,,,,,,,,,,,,,,,,,,,,,,,,,,,,,,,,,,,,,,,,,,,,,,,,,,,,,,,,,,,,,,,,
Spotify,#,7-day growth,7-day change,28-day growth,28-day change,,Notes,,,12/19,12/5,11/26,11/21,11/14/2025,11/7/2025,10/31/2025,10/24/2025,10/17,10/10,10/3,9/26,9/19,9/12,9/5,8/29,8/22,8/15,8/8,8/1,7/25,7/18,7/11,7/2,6/27,6/20,6/13,6/6,5/30,5/23,5/16,,,,,,,,,,,,,,,,,,,,,,,,,,,,,,,,,,,,,,,,,,,,,,,,,,,,,,,,,,,,,,,,,,,,,,,,,,,,,,,,,,,,,,,,,,,,,,,,,,,,,,,,,,,,,,,,,,,,,,,,,,,,,,,,,,,,,,,,,,,,,,,,,,,,,,,,,,,,,,,,,,,,,
Spotify followers,"13,692",94,0.69%,205,1.52%,,,,,"13,598","13,563","13,500 ","13,487 ","13,475 ","13,459 ","13,442 ","13,379 ","13,328 ","13,287 ","13,240 ","13,211 ","13,129 ","13,037 ","12,876 ","12,858 ","12,852 ","12,825 ","12,793 ","12,765 ","12,748 ","12,733 ","12,705 ","12,690 ","12,669 ","12,647 ","12,599 ","12,562 ","12,503 ","12,469 ","12,435 ",,,,,,,,,,,,,,,,,,,,,,,,,,,,,,,,,,,,,,,,,,,,,,,,,,,,,,,,,,,,,,,,,,,,,,,,,,,,,,,,,,,,,,,,,,,,,,,,,,,,,,,,,,,,,,,,,,,,,,,,,,,,,,,,,,,,,,,,,,,,,,,,,,,,,,,,,,,,,,,,,,,,,
Spotify monthly listeners,"26,766","1,342",5.28%,0,0.00%,,,,,"25,424","25,029","26,025 ","26,766 ","27,462 ","28,375 ","29,167 ","29,887 ","32,588 ","37,782 ","42,277 ","42,866 ","41,840 ","39,660 ","36,441 ","36,736 ","36,941 ","35,878 ","36,283 ","36,364 ","36,615 ","37,647 ","38,140 ","38,337 ","40,581 ","42,165 ","43,006 ","41,912 ","38,716 ","33,382 ","29,476 ",,,,,,,,,,,,,,,,,,,,,,,,,,,,,,,,,,,,,,,,,,,,,,,,,,,,,,,,,,,,,,,,,,,,,,,,,,,,,,,,,,,,,,,,,,,,,,,,,,,,,,,,,,,,,,,,,,,,,,,,,,,,,,,,,,,,,,,,,,,,,,,,,,,,,,,,,,,,,,,,,,,,,
,, , , , ,,Listeners,Saves,Save %,,,,,,,,,,,,,,,,,,,,,,,,,,,,,,,,,,,,,,,,,,,,,,,,,,,,,,,,,,,,,,,,,,,,,,,,,,,,,,,,,,,,,,,,,,,,,,,,,,,,,,,,,,,,,,,,,,,,,,,,,,,,,,,,,,,,,,,,,,,,,,,,,,,,,,,,,,,,,,,,,,,,,,,,,,,,,,,,,,,,,,,,,,,,,,,,,,,,
Rockland County,"40,435","2,848",7.58%,"6,097",17.76%,,12976,"3,487",26.87%,"37,587","36,171","34,786 ","34,338 ","33,449 ","32,501 ","31,308 ","29,847 ","27,990 ","26,141 ","24,081 ","21,875 ","18,507 ","15,825 ","9,982 ","8,254 ","7,812 ","4,864 ","1,530 ",,,,,,,,,,,,,,,,,,,,,,,,,,,,,,,,,,,,,,,,,,,,,,,,,,,,,,,,,,,,,,,,,,,,,,,,,,,,,,,,,,,,,,,,,,,,,,,,,,,,,,,,,,,,,,,,,,,,,,,,,,,,,,,,,,,,,,,,,,,,,,,,,,,,,,,,,,,,,,,,,,,,,,,,,,,,,,,,,
I Watched the Light,"34,685","1,455",4.38%,"3,363",10.74%,,"11,232","2,636",23.47%,"33,230","32,459","31,628 ","31,322 ","30,774 ","30,136 ","29,359 ","28,485 ","27,261 ","26,055 ","24,719 ","23,221 ","21,035 ","19,041 ","14,825 ","13,348 ","13,025 ","11,884 ","10,759 ","8,609 ","7,398 ","5,443 ","1,062 ",,,,,,,,,,,,,,,,,,,,,,,,,,,,,,,,,,,,,,,,,,,,,,,,,,,,,,,,,,,,,,,,,,,,,,,,,,,,,,,,,,,,,,,,,,,,,,,,,,,,,,,,,,,,,,,,,,,,,,,,,,,,,,,,,,,,,,,,,,,,,,,,,,,,,,,,,,,,,,,,,,,,,,,,,,,,,
 Play The Hits,"69,356","2,356",3.52%,"5,486",8.59%,,"  24,724 ","  4,590 ",18.56%,"67,000","65,679","64,309 ","63,870 ","62,979 ","61,964 ","60,702 ","59,287 ","57,380 ","55,620 ","53,593 ","51,485 ","48,240 ","45,422 ","40,199 ","38,716 ","38,313 ","36,987 ","35,773 ","34,323 ","33,636 ","32,724 ","31,501 ","29,773 ","28,552 ","26,869 ","24,722 ","20,771 ","15,455 ","8,086 ","1,037 ",,,,,,,,,,,,,,,,,,,,,,,,,,,,,,,,,,,,,,,,,,,,,,,,,,,,,,,,,,,,,,,,,,,,,,,,,,,,,,,,,,,,,,,,,,,,,,,,,,,,,,,,,,,,,,,,,,,,,,,,,,,,,,,,,,,,,,,,,,,,,,,,,,,,,,,,,,,,,,,,,,,,,
Clams Casino,"84,829","4,998",6.26%,"11,814",16.18%,,"  28,541 ","  5,103 ",17.88%,"79,831","76,897","74,021 ","73,015 ","70,989 ","69,055 ","66,130 ","63,490 ","60,141 ","57,367 ","53,978 ","50,688 ","46,363 ","42,563 ","35,087 ","32,931 ","32,336 ","30,246 ","28,463 ","26,082 ","24,655 ","22,877 ","20,449 ","16,278 ","13,515 ","9,231 ","1,589 ",,,,,,,,,,,,,,,,,,,,,,,,,,,,,,,,,,,,,,,,,,,,,,,,,,,,,,,,,,,,,,,,,,,,,,,,,,,,,,,,,,,,,,,,,,,,,,,,,,,,,,,,,,,,,,,,,,,,,,,,,,,,,,,,,,,,,,,,,,,,,,,,,,,,,,,,,,,,,,,,,,,,,,,,,
,, , , , ,,,,,,,,,,,,,,,,,,,,,,,,,,,,,,,,,,,,,,,,,,,,,,,,,,,,,,,,,,,,,,,,,,,,,,,,,,,,,,,,,,,,,,,,,,,,,,,,,,,,,,,,,,,,,,,,,,,,,,,,,,,,,,,,,,,,,,,,,,,,,,,,,,,,,,,,,,,,,,,,,,,,,,,,,,,,,,,,,,,,,,,,,,,,,,,,,,,,,,,,
Socials,, , , , ,,,,,,,,,,,,,,,,,,,,,,,,,,,,,,,,,,,,,,,,,,,,,,,,,,,,,,,,,,,,,,,,,,,,,,,,,,,,,,,,,,,,,,,,,,,,,,,,,,,,,,,,,,,,,,,,,,,,,,,,,,,,,,,,,,,,,,,,,,,,,,,,,,,,,,,,,,,,,,,,,,,,,,,,,,,,,,,,,,,,,,,,,,,,,,,,,,,,,,,,
Twitter Followers,"1,547",18,1.18%,22,1.44%,,,,,"1,529","1,524","1,525 ","1,525 ","1,526 ","1,525 ","1,523 ","1,521 ","1,519 ","1,521 ","1,519 ","1,520 ","1,511 ","1,510 ","1,506 ","1,501 ","1,499 ","1,499 ","1,493 ","1,489 ","1,490 ","1,487 ","1,488 ","1,486 ","1,487 ","1,485 ","1,482 ","1,477 ","1,479 ","1,477 ","1,479 ",,,,,,,,,,,,,,,,,,,,,,,,,,,,,,,,,,,,,,,,,,,,,,,,,,,,,,,,,,,,,,,,,,,,,,,,,,,,,,,,,,,,,,,,,,,,,,,,,,,,,,,,,,,,,,,,,,,,,,,,,,,,,,,,,,,,,,,,,,,,,,,,,,,,,,,,,,,,,,,,,,,,,
Facebook Followers,"16,329",1,0.01%,28,0.17%,,,,,"16,328","16,321","16,308 ","16,301 ","16,293 ","16,277 ","16,261 ","16,257 ","16,247 ","16,241 ","16,238 ","16,240 ","16,237 ","16,218 ","16,207 ","16,205 ","16,204 ","16,199 ","16,197 ","16,195 ","16,191 ","16,187 ","16,184 ","16,178 ","16,175 ","16,168 ","16,160 ","16,154 ","16,153 ","16,151 ","16,153 ",,,,,,,,,,,,,,,,,,,,,,,,,,,,,,,,,,,,,,,,,,,,,,,,,,,,,,,,,,,,,,,,,,,,,,,,,,,,,,,,,,,,,,,,,,,,,,,,,,,,,,,,,,,,,,,,,,,,,,,,,,,,,,,,,,,,,,,,,,,,,,,,,,,,,,,,,,,,,,,,,,,,,
Instagram Followers,"13,220",234,1.80%,567,4.48%,,,,,"12,986","12,981","12,681 ","12,653 ","12,630 ","12,631 ","12,608 ","12,279 ","12,122 ","12,028 ","11,937 ","11,900 ","11,850 ","11,352 ","11,235 ","11,091 ","11,005 ","10,740 ","10,626 ","10,577 ","10,563 ","10,447 ","10,392 ","10,028 ","9,826 ","9,753 ","9,416 ","9,125 ","8,996 ","8,903 ","8,626 ",,,,,,,,,,,,,,,,,,,,,,,,,,,,,,,,,,,,,,,,,,,,,,,,,,,,,,,,,,,,,,,,,,,,,,,,,,,,,,,,,,,,,,,,,,,,,,,,,,,,,,,,,,,,,,,,,,,,,,,,,,,,,,,,,,,,,,,,,,,,,,,,,,,,,,,,,,,,,,,,,,,,,
TikTok Followers,"1,083",52,5.04%,52,5.04%,,,,,"1,031","1,031","1,031 ","1,031 ","1,031 ","1,031 ","1,031 ","1,031 ","1,031 ","1,031 ","1,031 ","1,031 ","1,025 ","1,013 ","1,008 ",995 ,986 ,977 ,967 ,965 ,955 ,942 ,914 ,791 ,789 ,789 ,779 ,775 ,768 ,765 ,764 ,,,,,,,,,,,,,,,,,,,,,,,,,,,,,,,,,,,,,,,,,,,,,,,,,,,,,,,,,,,,,,,,,,,,,,,,,,,,,,,,,,,,,,,,,,,,,,,,,,,,,,,,,,,,,,,,,,,,,,,,,,,,,,,,,,,,,,,,,,,,,,,,,,,,,,,,,,,,,,,,,,,,,
TikTok Likes,"7,111",538,8.18%,538,8.18%,,,,,"6,573","6,573","6,573 ","6,573 ","6,573 ","6,573 ","6,573 ","6,573 ","6,573 ","6,573 ","6,573 ","6,572 ","6,552 ","6,449 ","6,423 ","6,336 ","6,284 ","6,235 ","6,191 ","6,183 ","6,115 ","6,031 ","5,413 ","4,494 ","4,451 ","4,424 ","4,324 ","4,284 ","4,203 ","4,195 ","4,189 ",,,,,,,,,,,,,,,,,,,,,,,,,,,,,,,,,,,,,,,,,,,,,,,,,,,,,,,,,,,,,,,,,,,,,,,,,,,,,,,,,,,,,,,,,,,,,,,,,,,,,,,,,,,,,,,,,,,,,,,,,,,,,,,,,,,,,,,,,,,,,,,,,,,,,,,,,,,,,,,,,,,,,
YouTube Subscribers,"3,390",10,0.30%,30,0.89%,,,,,"3,380","3,370","3,360 ","3,360 ","3,350 ","3,350 ","3,350 ","3,340 ","3,310 ","3,320 ","3,310 ","3,300 ","3,290 ","3,270 ","3,250 ","3,240 ","3,240 ","3,230 ","3,230 ","3,220 ","3,220 ","3,220 ","3,210 ","3,200 ","3,200 ","3,190 ","3,170 ","3,160 ","3,160 ","3,150 ","3,150 ",,,,,,,,, ,,,,,,,, , , , , ,,,,,,,,,,,,,,,,,,,,,,,,,,,,,,,,,,,,,,,,,,,,,,,,,,,,,,,,,,,,,,,,,,,,,,,,,,,,,,,,,,,,,,,,,,,,,,,,,,,,,,,,,,,,,,,,,,,,,,,,,,,,,,,,,,,,,,,,,,,,,,,,
,,,,,,,,,,,,,,,,,,,,,,,,,,,,,,,,,,,,,,,,,,,,,,,,,,,,,,,,,,,,,,,,,,,,,,,,,,,,,,,,,,,,,,,,,,,,,,,,,,,,,,,,,,,,,,,,,,,,,,,,,,,,,,,,,,,,,,,,,,,,,,,,,,,,,,,,,,,,,,,,,,,,,,,,,,,,,,,,,,,,,,,,,,,,,,,,,,,,,,,,,,,,,
David Wilcox,,,,,,,,,,,,,,,,,,,,,,,,,,,,,,,,,,,,,,,,,,,,,,,,,,,,,,,,,,,,,,,,,,,,,,,,,,,,,,,,,,,,,,,,,,,,,,,,,,,,,,,,,,,,,,,,,,,,,,,,,,,,,,,,,,,,,,,,,,,,,,,,,,,,,,,,,,,,,,,,,,,,,,,,,,,,,,,,,,,,,,,,,,,,,,,,,,,,,,,,,,,,,
Spotify,,7-day growth,7-day change,28-day growth,28-day change,,Notes,,,#,12/5,11/26,11/21,11/14/2025,11/7/2025,10/31/2025,10/24/2025,10/17,10/10,10/3,9/26,9/19,9/12,9/5,8/29,8/22,8/15,8/8,8/1,7/25,7/18,7/11,7/2,6/27,6/20,6/13,6/6,5/30,5/23,5/16,5/9,5/2,4/25,4/17(Thurs),4/11,4/4,3/28,3/21,3/14,3/7,2/28,2/21,2/14,2/7,1/31,1/24,1/17,1/10,12/20,12/13,12/6,11/27,11/22,11/15,11/8,11/1,10/25,10/18,10/11,10/4,9/27,9/20,9/13,9/6,8/30,8/23,8/16,8/9,8/2,7/26,7/19,7/12,7/5,6/28,6/21,6/14,6/7,5/31,5/24,5/17,5/3,4/26,4/19,4/12,4/5,3/29,3/22,3/15,3/8,3/1,2/23,2/16,2/9,2/2,1/26,1/19,1/12,1/5,12/20,12/15,,,,,,,,,,,,,,,,,,,,,,,,,,,,,,,,,,,,,,,,,,,,,,,,,,,,,,,,,,,,,,,,,,,,,,,,,,,,,,,,,,,,,,,,,,,,,,,
Spotify followers,"14,825",23,0.16%,101,0.69%,,,,,"14,802","14,766","14,742 ","14,724 ","14,695 ","14,679 ","14,669 ","14,648 ","14,635 ","14,607 ","14,593 ","14,574 ","14,553 ","14,531 ","14,512 ","14,490 ","14,438 ","14,424 ","14,380 ","14,361 ","14,329 ","14,293 ","14,284 ","14,271 ","14,258 ","14,224 ","14,200 ","14,191 ","14,174 ","14,161 ","14,145 ","14,115 ","14,103 ","14,078 ","14,047 ","14,035 ","14,019 ","13,995 ","13,970 ","13,942","13,937","13,894","13,865","13,847","13,820","13,798","13,780","13,748","13,717","13,658","13,673","13,657","13,633","13,624","13,600","13,570","13,536","13,521","13,493","13,470","13,430","13,406","13,382","13,359","13,330","13,301","13,276","13,255","13,235","13,187","13,187","13,158","13,137","13,087","13,087","13,100","170,992","13,053","13,032","12,994","12,967","12,912","12,884","12,862","12,822","12,790","12,733","12,783","12,752","12,729","12,707","12,680","12,643","12,665","12,666","12,642","12,610","12,596","12,516","12,494","12,519",,,,,,,,,,,,,,,,,,,,,,,,,,,,,,,,,,,,,,,,,,,,,,,,,,,,,,,,,,,,,,,,,,,,,,,,,,,,,,,,,,,,,,,,,,,,,,,
Spotify monthly listeners,"21,083",136,0.65%,"2,491",13.40%,,,,,"20,947","20,772","19,622 ","18,592 ","18,533 ","18,391 ","18,727 ","18,676 ","18,345 ","18,908 ","19,537 ","21,209 ","25,755 ","28,512 ","29,938 ","28,458 ","27,902 ","24,626 ","24,446 ","24,736 ","25,248 ","25,278 ","24,637 ","24,318 ","22,004 ","19,940 ","20,246 ","20,866 ","20,503 ","21,155 ","21,810 ","20,985 ","21,152 ","20,675 ","19,811 ","19,147 ","19,098 ","18,513 ","18,371 ","18,352","18,270","17,697","17,751","17,900","18,841","19,821","20,236","20,647","20,542","19,286","20,099","22,110","21,945","22,118","22,117","20,342","21,187","22,304","22,393","22,477","21,792","23,391","23,335","23,553","27,743","26,995","27,991","28,119","24,002","22,064","22,064","21,851","21,716","19,851","19,851","19,301","20,305","20,067","21,931","23,832","25,006","25,117","23,786","21,551","19,832","18,224","18,204","20,344","20,839","21,962","21,937","20,270","20,377","19,219","20,006","20,603","20,637","21,589","19,652","20,088","21,431",,,,,,,,,,,,,,,,,,,,,,,,,,,,,,,,,,,,,,,,,,,,,,,,,,,,,,,,,,,,,,,,,,,,,,,,,,,,,,,,,,,,,,,,,,,,,,,
,,, , , ,,Listeners,Saves ,Save %,,,,,,,,,,,,,,,,,,,,,,,,,,,,,,,,,,,,,,,,,,,,,,,,,,,,,,,,,,,,,,,,,,,,,,,,,,,,,,,,,,,,,,,,,,,,,,,,,,,,,,,,,,,,,,,,,,,,,,,,,,,,,,,,,,,,,,,,,,,,,,,,,,,,,,,,,,,,,,,,,,,,,,,,,,,,,,,,,,,,,,,,,,,,,,,,,,,,
The Way I Tell The Story,"13,693",137,1.01%,"1,284",10.35%,,8558,1256,14.68%,"13,556","13,401","12,934 ","12,409 ","12,159 ","11,947 ","11,729 ","11,574 ","11,345 ","11,129 ","10,935 ","10,689 ","10,472 ","10,216 ","9,931 ","9,558 ","9,339 ","7,202 ","6,157 ","5,101 ","3,626 ",,,,,,,,,,,,,,,,,,,,,,,,,,,,,,,,,,,,,,,,,,,,,,,,,,,,,,,,,,,,,,,,,,,,,,,,,,,,,,,,,,,,,,,,,,,,,,,,,,,,,,,,,,,,,,,,,,,,,,,,,,,,,,,,,,,,,,,,,,,,,,,,,,,,,,,,,,,,,,,,,,,,,,,,,,,,,,,
My Own Mind,"16,241",96,0.59%,"1,340",8.99%,,"  10,222 ",1384,13.54%,"16,145","16,002","15,551 ","14,901 ","14,786 ","14,635 ","14,482 ","14,369 ","14,212 ","14,059 ","13,930 ","13,789 ","13,635 ","13,438 ","13,240 ","12,964 ","12,821 ","10,824 ","10,215 ","9,773 ","9,433 ","8,019 ","6,963 ","5,378 ","2,734 ",351 ,,,,,,,,,,,,,,,,,,,,,,,,,,,,,,,,,,,,,,,,,,,,,,,,,,,,,,,,,,,,,,,,,,,,,,,,,,,,,,,,,,,,,,,,,,,,,,,,,,,,,,,,,,,,,,,,,,,,,,,,,,,,,,,,,,,,,,,,,,,,,,,,,,,,,,,,,,,,,,,,,,,,,,,,,,
,,, , , ,,,,,,,,,,,,,,,,,,,,,,,,,,,,,,,,,,,,,,,,,,,,,,,,,,,,,,,,,,,,,,,,,,,,,,,,,,,,,,,,,,,,,,,,,,,,,,,,,,,,,,,,,,,,,,,,,,,,,,,,,,,,,,,,,,,,,,,,,,,,,,,,,,,,,,,,,,,,,,,,,,,,,,,,,,,,,,,,,,,,,,,,,,,,,,,,,,,,,,,,
Socials,, , , , ,,,,,,,,,,,,,,,,,,,,,,,,,,,,,,,,,,,,,,,,,,,,,,,,,,,,,,,,,,,,,,,,,,,,,,,,,,,,,,,,,,,,,,,,,,,,,,,,,,,,,,,,,,,,,,,,,,,,,,,,,,,,,,,,,,,,,,,,,,,,,,,,,,,,,,,,,,,,,,,,,,,,,,,,,,,,,,,,,,,,,,,,,,,,,,,,,,,,,,,,
Facebook Followers,"28,923",4,0.01%,18,0.06%,,,,,"28,919","28,920","28,900 ","28,905 ","28,892 ","28,875 ","28,872 ","28,857 ","28,842 ","28,819 ","28,778 ","28,791 ","28,791 ","28,797 ","28,801 ","28,804 ","28,806 ","28,759 ","28,763 ","28,765 ","28,759 ","28,750 ","28,757 ","28,763 ","28,761 ","28,756 ","28,756 ","28,751 ","28,763 ","28,752 ","28,753 ","28,766 ","28,775 ","28,778 ","28,772 ","28,781 ","28,801 ","29,804 ","28,802 ","28,793","28,794","28,794","28,796","28,820","28,843","28,846","28,853","28,880","28,870","28,848","28,829","28,829","28,824","28,834","28,828","28,823","28,817","28,811","28,796","28,781","28,709","28,634","28,636","28,641","28,640","28,632","28,629","28,621","28,622","28,633","28,633","28,642","28,648","28,650","28,650","28,668","28,671","28,675","28,686","28,683","28,685","28,679","28,679","28,673","28,666","28,657","28,659","28,663","28,655","28,654","28,655","28,648","28,644","28,646","28,640","28,635","28,623","28,612","28,605","28,572","28,568",,,,,,,,,,,,,,,,,,,,,,,,,,,,,,,,,,,,,,,,,,,,,,,,,,,,,,,,,,,,,,,,,,,,,,,,,,,,,,,,,,,,,,,,,,,,,,,
Instagram Followers,"4,067",6,0.15%,26,0.64%,,,,,"4,061","4,054","4,047 ","4,041 ","4,026 ","4,001 ","4,001 ","3,995 ","3,985 ","3,984 ","3,980 ","3,979 ","3,977 ","3,969 ","3,969 ","3,967 ","3,962 ","3,885 ","3,856 ","3,850 ","3,837 ","3,834 ","3,829 ","3,826 ","3,815 ","3,804 ","3,790 ","3,784 ","3,779 ","3,777 ","3,768 ","3,768 ","3,756 ","3,751 ","3,744 ","3,741 ","3,731 ","3,718 ","3,708 ","3,697","3,696","3,683","3,678","3,678","3,670","3,661","3,659","3,667","3,661","3,654","3,646","3,637","3,625","3,626","3,616","3,565","3,557","3,546","3,534","3,533","3,494","3,420","3,410","3,411","3,394","3,389","3,383","3,373","3,359","3,359","3,359","3,354","3,348","3,344","3,344","3,335","3,330","3,333","3,334","3,324","3,317","3,314","3,316","3,303","3,270","3,251","3,244","3,237","3,238","3,227","3,218","3,219","3,202","3,196","3,188","3,176","3,167","3,159","3,159","3,149","3,141",,,,,,,,,,,,,,,,,,,,,,,,,,,,,,,,,,,,,,,,,,,,,,,,,,,,,,,,,,,,,,,,,,,,,,,,,,,,,,,,,,,,,,,,,,,,,,,
YouTube Subscribers,"7,277",17,0.23%,47,0.65%,,,,,"7,260","7,250","7,240 ","7,230 ","7,230 ","7,220 ","7,210 ","7,200 ","7,210 ","7,200 ","7,200 ","7,190 ","7,180 ","7,180 ","7,170 ","7,170 ","7,170 ","7,160 ","7,160 ","7,150 ","7,120 ","7,100 ","7,080 ","7,070 ","7,060 ","7,030 ","7,030 ","7,020 ","7,010 ","7,000 ","7,000 ","6,990 ","6,980 ","6,960 ","6,950 ","6,930 ","6,910 ","6,900 ","6,890 ","6,870","6,870","6,960","6,840","6,840","6,820","6,800","6,800","6,790","6,780","6,750","6,730","6,730","6,710","6,710","6,680","6,660","6,650","6,640","6,612","6,610","6,590","6,580","6,560","6,550","6,530","6,520","6,500","6,480","6,460","6,443","6,443","6,420","6,410","6,390","6,390","6,380","6,380","6,380","6,360","6,340","6,330",,,,,,,,,,,,,,,,,,,,,,,,,,,,,,,,,,,,,,,,,,,,,,,,,,,,,,,,,,,,,,,,,,,,,,,,,,,,,,,,,,,,,,,,,,,,,,,,,,,,,,,,,,,,,,,,,,,
,,,,,,,,,, ,,,,, ,, ,,,,,,,,,,,,,,,,,,,,,,,,,,,,,,,,,,,,,,,,,,,,,,,,,,,,,,,,,,,,,,,,,,,,,,,,,,,,,,,,,,,,,,,,,,,,,,,,,,,,,,,,,,,,,,,,,,,,,,,,,,,,,,,,,,,,,,,,,,,,,,,,,,,,,,,,,,,,,,,,,,,,,,,,,,,,,,,,,,,,,,,,,,,,
Ethan Daniel Davidson,,,,,,,,,,,,,,,,,,,,,,,,,,,,,,,,,,,,,,,,,,,,,,,,,,,,,,,,,,,,,,,,,,,,,,,,,,,,,,,,,,,,,,,,,,,,,,,,,,,,,,,,,,,,,,,,,,,,,,,,,,,,,,,,,,,,,,,,,,,,,,,,,,,,,,,,,,,,,,,,,,,,,,,,,,,,,,,,,,,,,,,,,,,,,,,,,,,,,,,,,,,,,
Spotify,,7-day growth,7-day change,28-day growth,28-day change,,Notes,,,#,12/5,11/26,11/21,11/14/2025,11/7/2025,10/31/2025,10/24/2025,10/17,10/10,10/3,9/26,9/19,9/12,9/5,8/29,8/22,8/15,8/8,8/1,7/25,7/18,7/11,7/2,6/27,6/20,6/13,6/6,5/30,5/23,5/16,5/9,5/2,4/25,4/17(Thurs),4/11,4/4,,,,,,,,,,,,,,,,,,,,,,,,,,,,,,,,,,,,,,,,,,,,,,,,,,,,,,,,,,,,,,,,,,,,,,,,,,,,,,,,,,,,,,,,,,,,,,,,,,,,,,,,,,,,,,,,,,,,,,,,,,,,,,,,,,,,,,,,,,,,,,,,,,,,,,,,,,,,,,,
Spotify followers,504,12,2.44%,37,7.92%,,,,,492,486,  472 ,  467 ,  452 ,  444 ,  443 ,  435 ,  432 ,  425 ,  417 ,  412 ,  411 ,  409 ,  409 ,  408 ,  408 ,  407 ,  404 ,  403 ,  402 ,  399 ,  398 ,  398 ,  393 ,391,387,382,368,348,343,340,327,320,319,317,313,,,,,,,,,,,,,,,,,,,,,,,,,,,,,,,,,,,,,,,,,,,,,,,,,,,,,,,,,,,,,,,,,,,,,,,,,,,,,,,,,,,,,,,,,,,,,,,,,,,,,,,,,,,,,,,,,,,,,,,,,,,,,,,,,,,,,,,,,,,,,,,,,,,,,,,,,,,,,,,
Spotify monthly listeners,"9,299","-1,540",-14.21%,"-2,915",-23.87%,,,,,"10,839","11,040","  11,702 ","  12,214 ","  11,657 ","  11,484 ","  11,366 ","  9,037 ","  6,915 ","  4,512 ","  1,738 ","  1,345 ","  1,554 ","  1,707 ","  1,855 ","  2,042 ","  2,180 ","  2,939 ","  3,705 ","  4,577 ","  5,416 ","  7,096 ","  9,598 ","  12,711 ","  16,413 ",22380,24353,23231,20665,13916,11624,10282,10282,7595,4536,1197,231,,,,,,,,,,,,,,,,,,,,,,,,,,,,,,,,,,,,,,,,,,,,,,,,,,,,,,,,,,,,,,,,,,,,,,,,,,,,,,,,,,,,,,,,,,,,,,,,,,,,,,,,,,,,,,,,,,,,,,,,,,,,,,,,,,,,,,,,,,,,,,,,,,,,,,,,,,,,,,,
,,, , , ,,Listeners,Saves ,Save %,,,,,,,,,,,,,,,,,,,,,,,,,,,,,,,,,,,,,,,,,,,,,,,,,,,,,,,,,,,,,,,,,,,,,,,,,,,,,,,,,,,,,,,,,,,,,,,,,,,,,,,,,,,,,,,,,,,,,,,,,,,,,,,,,,,,,,,,,,,,,,,,,,,,,,,,,,,,,,,,,,,,,,,,,,,,,,,,,,,,,,,,,,,,,,,,,,,,
Stop Breaking Down,"25,438",486,1.95%,"3,452",15.70%,,"13,995",238,1.70%,"24,952","24,311","  22,938 ","  21,986 ","  20,549 ","  18,808 ","  15,859 ","  12,916 ",,,,,,,,,,,,,,,,,,,,,,,,,,,,,,,,,,,,,,,,,,,,,,,,,,,,,,,,,,,,,,,,,,,,,,,,,,,,,,,,,,,,,,,,,,,,,,,,,,,,,,,,,,,,,,,,,,,,,,,,,,,,,,,,,,,,,,,,,,,,,,,,,,,,,,,,,,,,,,,,,,,,,,,,,,,,,,,,,,,,,,,,,,,,
Not Breaking Hearts,"16,045",712,4.64%,"6,049",60.51%,,"9,572",169,1.77%,"15,333","13,996","  11,220 ","  9,996 ",7286,"  4,897 ","  2,307 ",  78 ,,,,,,,,,,,,,,,,,,,,,,,,,,,,,,,,,,,,,,,,,,,,,,,,,,,,,,,,,,,,,,,,,,,,,,,,,,,,,,,,,,,,,,,,,,,,,,,,,,,,,,,,,,,,,,,,,,,,,,,,,,,,,,,,,,,,,,,,,,,,,,,,,,,,,,,,,,,,,,,,,,,,,,,,,,,,,,,,,,,,,,,,,,,,
The World We Wanted,"4,554",799,21.28%,"4,086",873.08%,,"2,000",117,5.85%,"3,755","2,753","  1,327 ",  468 ,,,,,,,,,,,,,,,,,,,,,,,,,,,,,,,,,,,,,,,,,,,,,,,,,,,,,,,,,,,,,,,,,,,,,,,,,,,,,,,,,,,,,,,,,,,,,,,,,,,,,,,,,,,,,,,,,,,,,,,,,,,,,,,,,,,,,,,,,,,,,,,,,,,,,,,,,,,,,,,,,,,,,,,,,,,,,,,,,,,,,,,,,,,,,,,,
How Can One Keep Warm,"2,279",145,6.79%,"1,865",450.48%,,"  1,318 ",  132 ,10.02%,"2,134","1,879","  1,387 ",  414 ,,,,,,,,,,,,,,,,,,,,,,,,,,,,,,,,,,,,,,,,,,,,,,,,,,,,,,,,,,,,,,,,,,,,,,,,,,,,,,,,,,,,,,,,,,,,,,,,,,,,,,,,,,,,,,,,,,,,,,,,,,,,,,,,,,,,,,,,,,,,,,,,,,,,,,,,,,,,,,,,,,,,,,,,,,,,,,,,,,,,,,,,,,,,,,,,
,, , , , ,,,,,,,,,,,,,,,,,,,,,,,,,,,,,,,,,,,,,,,,,,,,,,,,,,,,,,,,,,,,,,,,,,,,,,,,,,,,,,,,,,,,,,,,,,,,,,,,,,,,,,,,,,,,,,,,,,,,,,,,,,,,,,,,,,,,,,,,,,,,,,,,,,,,,,,,,,,,,,,,,,,,,,,,,,,,,,,,,,,,,,,,,,,,,,,,,,,,,,,,
Socials,, , , , ,,,,,,,,,,,,,,,,,,,,,,,,,,,,,,,,,,,,,,,,,,,,,,,,,,,,,,,,,,,,,,,,,,,,,,,,,,,,,,,,,,,,,,,,,,,,,,,,,,,,,,,,,,,,,,,,,,,,,,,,,,,,,,,,,,,,,,,,,,,,,,,,,,,,,,,,,,,,,,,,,,,,,,,,,,,,,,,,,,,,,,,,,,,,,,,,,,,,,,,,
Facebook Followers,"2,699",0,0.00%,0,0.00%,,,,,"2,699","2,699","  2,699 ","  2,699 ","  2,699 ","  2,698 ","  2,698 ","  2,713 ","  2,701 ","  2,701 ","  2,702 ","  2,705 ","  2,705 ","  2,705 ","  2,706 ","  2,708 ","  2,708 ","  2,709 ","  2,709 ","  2,710 ","  2,710 ","  2,711 ","  2,712 ","  2,711 ","  2,711 ",2714,2715,2716,2719,2724,2724,2722,2721,2721,2720,2721,2722,,,,,,,,,,,,,,,,,,,,,,,,,,,,,,,,,,,,,,,,,,,,,,,,,,,,,,,,,,,,,,,,,,,,,,,,,,,,,,,,,,,,,,,,,,,,,,,,,,,,,,,,,,,,,,,,,,,,,,,,,,,,,,,,,,,,,,,,,,,,,,,,,,,,,,,,,,,,,,,
Instagram Followers,"1,432",18,1.27%,48,3.47%,,,,,"1,414","1,404","  1,392 ","  1,384 ","  1,374 ","  1,352 ","  1,351 ","  1,342 ","  1,333 ","  1,319 ","  1,312 ","  1,310 ","  1,302 ","  1,289 ","  1,281 ","  1,262 ","  1,262 ","  1,249 ","  1,244 ","  1,244 ","  1,233 ","  1,229 ","  1,223 ","  1,214 ","  1,202 ",1191,1181,1168,1154,1145,1145,,1127,1112,1099,1095,1085,,,,,,,,,,,,,,,,,,,,,,,,,,,,,,,,,,,,,,,,,,,,,,,,,,,,,,,,,,,,,,,,,,,,,,,,,,,,,,,,,,,,,,,,,,,,,,,,,,,,,,,,,,,,,,,,,,,,,,,,,,,,,,,,,,,,,,,,,,,,,,,,,,,,,,,,,,,,,,,
YouTube Subscribers,132,3,2.33%,7,5.60%,,,,,129,126,  126 ,  125 ,  124 ,  120 ,  117 ,  117 ,  116 ,  113 ,  111 ,  111 ,  111 ,  110 ,  110 ,  111 ,  111 ,  111 ,  111 ,  111 ,  110 ,  110 ,  108 ,  107 ,  108 ,108,106,103,101,100,97,,88,,,,,,,,,,,,,,,,,,,,,,,,,,,,,,,,,,,,,,,,,,,,,,,,,,,,,,,,,,,,,,,,,,,,,,,,,,,,,,,,,,,,,,,,,,,,,,,,,,,,,,,,,,,,,,,,,,,,,,,,,,,,,,,,,,,,,,,,,,,,,,,,,,,,,,,,,,,,,,,,,,,
,,,,,,,,,,,,,,,,,,,,,,,,,,,,,,,,,,,,,,,,,,,,,,,,,,,,,,,,,,,,,,,,,,,,,,,,,,,,,,,,,,,,,,,,,,,,,,,,,,,,,,,,,,,,,,,,,,,,,,,,,,,,,,,,,,,,,,,,,,,,,,,,,,,,,,,,,,,,,,,,,,,,,,,,,,,,,,,,,,,,,,,,,,,,,,,,,,,,,,,,,,,,,
Fantastic Cat,,,,,,,,,,,,,,,,,,,,,,,,,,,,,,,,,,,,,,,,,,,,,,,,,,,,,,,,,,,,,,,,,,,,,,,,,,,,,,,,,,,,,,,,,,,,,,,,,,,,,,,,,,,,,,,,,,,,,,,,,,,,,,,,,,,,,,,,,,,,,,,,,,,,,,,,,,,,,,,,,,,,,,,,,,,,,,,,,,,,,,,,,,,,,,,,,,,,,,,,,,,,,
Spotify,,7-day growth,7-day change,28-day growth,28-day change,,,,,#,12/5,11/26,11/21,11/14/2025,11/7/2025,10/31/2025,10/24/2025,10/17,10/10,10/3,9/26,9/19,9/12,9/5,8/29,8/22,8/15,8/8,8/1,7/25,7/18,7/11,7/2,6/27,6/20,6/13,6/6,5/30,5/23,5/16,5/9,5/2,4/25,4/17(Thurs),4/11,4/4,3/28,3/21,3/14,3/7,2/28,2/21,2/14,2/7,1/31,1/24,1/17,1/10,12/20,12/13,12/6,11/27,11/22,11/15,11/8,11/1,10/25,10/18,10/11,10/4,9/27,9/20,9/13,9/6,8/30,8/23,8/16,8/9,8/2,7/26,7/19,7/12,7/5,6/28,6/21,6/14,6/7,5/31,5/24,5/17,5/3,4/26,4/19,4/12,4/5,3/29,3/22,3/15,,,,,,,,,,,,,,,,,,,,,,,,,,,,,,,,,,,,,,,,,,,,,,,,,,,,,,,,,,,,,,,,,,,,,,,,,,,,,,,,,,,,,,,,,,,,,,,,,,,,,,,,,,,
Spotify followers,"8,390",44,0.53%,132,1.60%,,,,,"8,346","8,311","8,258 ","8,258 ","8,183 ","8,170 ","8,114 ","8,052 ","8,017 ","7,997 ","7,988 ","7,959 ","7,928 ","7,893 ","7,860 ","7,829 ","7,824 ","7,797 ","7,769 ","7,713 ","7,663 ","7,640 ","7,514 ","7,416 ","7,390 ","7,314 ","7,234 ","7,172 ","7,136 ","7,100 ","7,057 ","6,981 ","6,915 ","6,875 ","6,837 ","6,792 ","6,760 ","6,711 ","6,677 ","6,619","6,601","6,543","6,503","6,461","6,417","6,355","6,296","6,261","6,237","6,171","6,143","6,099","6,063","6,052","6,028","5,998","5,948","5,904","5,839","5,798","5,758","5,661","5,589","5,556","5,509","5,446","5,351","5,277","5,197","5,040","4,988","4,896","4,803","4,667","4,667","4,582","4,394","3,841","3,786","3,701","3,679","3,623","3,564","3,519","3,465","3,406","3,323","3,331","3,322",,,,,,,,,,,,,,,,,,,,,,,,,,,,,,,,,,,,,,,,,,,,,,,,,,,,,,,,,,,,,,,,,,,,,,,,,,,,,,,,,,,,,,,,,,,,,,,,,,,,,,,,,,,
Spotify monthly listeners,"16,286",-245,-1.48%,111,0.69%,,,,,"16,531","16,075","16,175 ","16,175 ","16,510 ","16,794 ","16,650 ","16,178 ","16,410 ","17,439 ","19,446 ","19,639 ","19,208 ","18,591 ","16,524 ","174,769 ","19,190 ","18,571 ","19,378 ","19,120 ","17,291 ","18,690 ","20,968 ","22,454 ","23,701 ","23,016 ","22,487 ","23,448 ","23,928 ","24,538 ","24,029 ","23,768 ","23,768 ","26,369 ","32,120 ","34,187 ","34,545 ","33,471 ","27,946 ","23,361","22,899","20,753","20,947","18,980","19,245","20,518","20,567","20,579","21,492","17,562","17,030","17,527","22,362","24,255","24,964","24,672","22,388","18,234","17,211","17,719","18,346","20,129","22,489","24,023","25,002","24,467","23,940","22,952","25,675","26,841","28,292","31,412","33,927","37,376","37,376","37,356","31,275","26,165","28,661","29,949","33,889","34,615","31,857","25,656","16,475","9,814","3,926","3,750","3,808",,,,,,,,,,,,,,,,,,,,,,,,,,,,,,,,,,,,,,,,,,,,,,,,,,,,,,,,,,,,,,,,,,,,,,,,,,,,,,,,,,,,,,,,,,,,,,,,,,,,,,,,,,,
,, , , , ,,Listeners,Saves,Save %,,,,,,,,,,,,,,,,,,,,,,,,,,,,,,,,,,,,,,,,,,,,,,,,,,,,,,,,,,,,,,,,,,,,,,,,,,,,,,,,,,,,,,,,,,,,,,,,,,,,,,,,,,,,,,,,,,,,,,,,,,,,,,,,,,,,,,,,,,,,,,,,,,,,,,,,,,,,,,,,,,,,,,,,,,,,,,,,,,,,,,,,,,,,,,,,,,,,
Later On,"204,500","1,454",0.72%,"5,505",2.77%,,"47,624","3,857",8.10%,"203,046","201,564","198,995 ","198,995 ","197,447 ","195,982 ","194,227 ","192,798 ","191,029 ","189,457 ","187,749 ","186,064 ","183,693 ","180,613 ","178,052 ","176,295 ","175,598 ","173,140 ","170,695 ","168,458 ","166,639 ","164,822 ","162,019 ","159,224 ","157,241 ","154,060 ","150,273 ","147,581 ","144,999 ","142,764 ","139,625 ","136,355 ","133,955 ","131,615 ","128,845 ","125,862 ","123,835 ","121,733 ","119,913 ","117,514","115,893","112,609","110,554","108,124","105,538","103,903","101,557","99,500","97,607","91,403","89,394","87,267","84,456","83,386","81,198","79,282","76,523","74,228","71,570","69,437","67,389","64,706","62,210","60,234","57,699","54,619","51,935","47,924","44,646","42,289","39,310","32,562","32,562","25,462","25,462","21,517","17,500","10,954","6,500",415,,,,,,,,,,,,,,,,,,,,,,,,,,,,,,,,,,,,,,,,,,,,,,,,,,,,,,,,,,,,,,,,,,,,,,,,,,,,,,,,,,,,,,,,,,,,,,,,,,,,,,,,,,,,,,,,,,,,
So Glad You Made It,"181,540","2,615",1.46%,"9,988",5.82%,,"48,269","4,173",8.65%,"178,925","176,445","171,552 ","171,552 ","168,355 ","166,071 ","163,352 ","160,101 ","156,254 ","153,732 ","151,246 ","148,792 ","145,648 ","142,130 ","138,192 ","136,252 ","135,550 ","132,275 ","129,941 ","126,607 ","121,666 ","119,891 ","116,723 ","113,988 ","112,468 ","109,821 ","104,467 ","100,878 ","97,572 ","95,078 ","91,168 ","89,089 ","87,234 ","85,746 ","84,311 ","82,404 ","80,668 ","79,208 ","77,907 ","76,159","75,423","73,801","72,410","70,868","69,194","67,907","66,321","64,916","63,465","58,873","57,371","55,722","53,304","52,348","50,699","49,148","46,647","44,837","43,078","41,474","39,997","37,931","36,107","34,714","32,591","30,317","28,278","25,679","23,504","21,930","20,116","18,301","16,010","11,555","11,555","9,135","6,110",738,,,,,,,,,,,,,,,,,,,,,,,,,,,,,,,,,,,,,,,,,,,,,,,,,,,,,,,,,,,,,,,,,,,,,,,,,,,,,,,,,,,,,,,,,,,,,,,,,,,,,,,,,,,,,,,,,,,,,,
Holiday Road,"20,200",755,3.88%,"2,155",11.94%,,"4,809",235,4.89%,"19,445","18,835","18,045 ","18,045 ","17,804 ","17,606 ","17,463 ","17,294 ","17,157 ","17,046 ","16,915 ","16,762 ","16,627 ","16,475 ","16,365 ","16,248 ","16,213 ","16,099 ","15,971 ","15,841 ","15,746 ","15,624 ","15,405 ","15,250 ","15,121 ","14,976 ","14,738 ","14,537 ","14,344 ","14,231 ","14,092 ","13,916 ","13,786 ","13,699 ","13,614 ","13,541 ","18,676 ","13,224 ","13,119 ","12,949","12,857","12,567","12,385","12,217","12,058","11,867","11,700","11,535","11,323","8,975","8,029","7,221","6,366",6312,5546,4824,3345,969,,,,,,,,,,,,,,,,,,,,,,,,,,,,,,,,,,,,,,,,,,,,,,,,,,,,,,,,,,,,,,,,,,,,,,,,,,,,,,,,,,,,,,,,,,,,,,,,,,,,,,,,,,,,,,,,,,,,,,,,,,,,,,,,,,,,,,,,,,
Some Things Never Change,"40,518",379,0.94%,"1,309",3.34%,,"18,199","  1,776 ",9.76%,"40,139","39,771","39,209 ","39,209 ","38,895 ","38,582 ","38,283 ","37,922 ","37,595 ","37,241 ","36,946 ","36,656 ","36,312 ","35,958 ","35,554 ","35,180 ","35,014 ","34,414 ","33,842 ","33,270 ","32,818 ","32,171 ","31,327 ","30,466 ","29,870 ","29,135 ","27,908 ","26,973 ","26,285 ","25,672 ","24,788 ","23,855 ","22,903 ","22,058 ","21,202 ","20,037 ","19,006 ","17,773 ","16,651 ","15,007","13,558",,,,,,,,,,,,,,,,,,,,,,,,,,,,,,,,,,,,,,,,,,,,,,,,,,,,,,,,,,,,,,,,,,,,,,,,,,,,,,,,,,,,,,,,,,,,,,,,,,,,,,,,,,,,,,,,,,,,,,,,,,,,,,,,,,,,,,,,,,,,,,,,,,,,,,,,,,,
Later On (Spayed & Neutered),"62,173",455,0.74%,"1,493",2.46%,,"34,011","  2,072 ",6.09%,"61,718","61,299","60,680 ","60,680 ","60,253 ","59,805 ","59,332 ","58,786 ","58,179 ","57,599 ","57,162 ","56,741 ","56,289 ","55,711 ","54,617 ","53,967 ","53,718 ","52,941 ","52,161 ","51,454 ","50,871 ","49,943 ","48,677 ","47,640 ","46,801 ","45,809 ","44,466 ","43,242 ","42,176 ","41,079 ","39,352 ","37,818 ","35,987 ","34,611 ","33,361 ","31,018 ","27,684 ","21,963 ",,,,,,,,,,,,,,,,,,,,,,,,,,,,,,,,,,,,,,,,,,,,,,,,,,,,,,,,,,,,,,,,,,,,,,,,,,,,,,,,,,,,,,,,,,,,,,,,,,,,,,,,,,,,,,,,,,,,,,,,,,,,,,,,,,,,,,,,,,,,,,,,,,,,,,,,,,,,,,
"Goodnight, My Darling","17,273",224,1.31%,696,4.20%,,"8,403",1134,13.50%,"17,049","16,857","16,577 ","16,577 ","16,375 ","16,208 ","16,029 ","15,798 ","15,619 ","15,448 ","15,298 ","15,109 ","14,932 ","14,731 ","14,550 ","14,373 ","14,296 ","14,090 ","13,853 ","13,600 ","13,416 ","13,157 ","12,720 ","12,364 ","12,083 ","11,698 ","11,171 ","10,703 ","10,254 ","9,839 ","9,276 ","8,394 ","7,427 ","6,387 ","3,871 ","1,120 ",,,,,,,,,,,,,,,,,,,,,,,,,,,,,,,,,,,,,,,,,,,,,,,,,,,,,,,,,,,,,,,,,,,,,,,,,,,,,,,,,,,,,,,,,,,,,,,,,,,,,,,,,,,,,,,,,,,,,,,,,,,,,,,,,,,,,,,,,,,,,,,,,,,,,,,,,,,,,,,,
,, , , , ,,,,,,,,,,,,,,,,,,,,,,,,,,,,,,,,,,,,,,,,,,,,,,,,,,,,,,,,,,,,,,,,,,,,,,,,,,,,,,,,,,,,,,,,,,,,,,,,,,,,,,,,,,,,,,,,,,,,,,,,,,,,,,,,,,,,,,,,,,,,,,,,,,,,,,,,,,,,,,,,,,,,,,,,,,,,,,,,,,,,,,,,,,,,,,,,,,,,,,,,
YouTube,, , , , ,,Release Date:,,,,,,,,,,,,,,,,,,,,,,,,,,,,,,,,,,,,,,,,,,,,,,,,,,,,,,,,,,,,,,,,,,,,,,,,,,,,,,,,,,,,,,,,,,,,,,,,,,,,,,,,,,,,,,,,,,,,,,,,,,,,,,,,,,,,,,,,,,,,,,,,,,,,,,,,,,,,,,,,,,,,,,,,,,,,,,,,,,,,,,,,,,,,,,,,,,,,,,
Later On,"16,623",144,0.87%,442,2.73%,,5/22/2024,,,"16,479","16,363","16,181 ","16,181 ","16,073 ","15,965 ","15,824 ","15,719 ","15,634 ","15,551 ","15,487 ","15,424 ","15,357 ","15,284 ","15,195 ","15,096 ","15,057 ","14,966 ","14,869 ","14,760 ","14,663 ","14,555 ","14,292 ","14,113 ","14,000 ","13,830 ","13,634 ","13,389 ","13,219 ","13,075 ","12,940 ","12,766 ","12,524 ","12,319 ","12,101 ","11,690 ","11,572 ","11,452 ","11,307 ","11,187","11,124","10,947","10,858","10,757","10,600","10,429","10,272","10,135","10,040","9,744","9,629","9,508","9,417","9,350","9,237","9,132","8,974","8,833","8,660","8,486","8,340","8,179","7,938","7,731","7,517","7,267","6,965","6,731","6,371","6,085","5,835","5,540","5,278","4,728","4,728","4,374","3,740","2,537","2,013",733,,,,,,,,,,,,,,,,,,,,,,,,,,,,,,,,,,,,,,,,,,,,,,,,,,,,,,,,,,,,,,,,,,,,,,,,,,,,,,,,,,,,,,,,,,,,,,,,,,,,,,,,,,,,,,,,,,,,
So Glad You Made It,"51,642",305,0.59%,"1,104",2.18%,,6/7/2024,,,"51,337","51,034","50,538 ","50,538 ","50,153 ","49,903 ","49,569 ","49,263 ","49,050 ","48,817 ","48,614 ","48,415 ","48,207 ","47,976 ","47,740 ","47,505 ","47,390 ","47,068 ","46,802 ","46,553 ","46,301 ","46,046 ","45,625 ","45,049 ","44,738 ","44,311 ","43,572 ","42,782 ","42,408 ","42,078 ","41,760 ","41,204 ","40,349 ","39,792 ","39,317 ","38,914 ","38,542 ","38,201 ","37,901 ","37,608","37,418","36,960","36,662","36,321","35,896","35,415","34,844","34,402","34,039","32,902","32,375","31,911","31,389","31,154","30,769","30,422","29,899","29,448","28,898","28,242","27,762","26,835","25,964","25,383","24,649","23,815","22,611","21,632","20,152","19,139","18,248","17,378","15,606","13,525","13,525","12,460","9,133",329,,,,,,,,,,,,,,,,,,,,,,,,,,,,,,,,,,,,,,,,,,,,,,,,,,,,,,,,,,,,,,,,,,,,,,,,,,,,,,,,,,,,,,,,,,,,,,,,,,,,,,,,,,,,,,,,,,,,,,
Some Things Never Change,"2,332",40,1.75%,121,5.47%,,2/13/2025,,,"2,292","2,253","2,211 ","2,211 ","2,188 ","2,139 ","2,087 ","2,058 ","2,044 ","2,015 ","1,980 ","1,964 ","1,935 ","1,918 ","1,893 ","1,864 ","1,854 ","1,825 ","1,789 ","1,768 ","1,738 ","1,706 ","1,668 ","1,627 ","1,599 ","1,581 ","1,548 ","1,514 ","1,488 ","1,469 ","1,451 ","1,426 ","1,395 ","1,361 ","1,335 ","1,276 ","1,239 ","1,202 ","1,170 ","1,107","1,057",,,,,,,,,,,,,,,,,,,,,,,,,,,,,,,,,,,,,,,,,,,,,,,,,,,,,,,,,,,,,,,,,,,,,,,,,,,,,,,,,,,,,,,,,,,,,,,,,,,,,,,,,,,,,,,,,,,,,,,,,,,,,,,,,,,,,,,,,,,,,,,,,,,,,,,,,,,
Later On (Spayed & Neutered),"1,103",7,0.64%,26,2.41%,,3/13/2025,,,"1,096","1,092","1,077 ","1,077 ","1,071 ","1,068 ","1,060 ","1,054 ","1,050 ","1,044 ","1,042 ","1,039 ","1,035 ","1,029 ","1,020 ","1,017 ","1,013 ",995 ,985 ,971 ,948 ,945 ,934 ,922 ,914 ,895 ,881 ,879 ,868 ,855 ,843 ,831 ,803 ,780 ,742 ,679 ,652 ,618 ,,,,,,,,,,,,,,,,,,,,,,,,,,,,,,,,,,,,,,,,,,,,,,,,,,,,,,,,,,,,,,,,,,,,,,,,,,,,,,,,,,,,,,,,,,,,,,,,,,,,,,,,,,,,,,,,,,,,,,,,,,,,,,,,,,,,,,,,,,,,,,,,,,,,,,,,,,,,,,
"Goodnight, My Darling","4,379",30,0.69%,166,3.94%,,4/11/2025,,,"4,349","4,288","4,213","4,213","4,187","4,156","4,114","4,072","4,037","4,001","3,980","3,954 ","3,923 ","3,887 ","3,864 ","3,816 ","3,793 ","3,751 ","3,709 ","3,680 ","3,656 ","3,622 ","3,575 ","3,484 ","3,410 ","3,375 ","3,318 ","3,253 ","3,212 ","3,164 ","3,109 ","3,034 ","2,916 ","2,764 ","2,403 ",489 ,,,,,,,,,,,,,,,,,,,,,,,,,,,,,,,,,,,,,,,,,,,,,,,,,,,,,,,,,,,,,,,,,,,,,,,,,,,,,,,,,,,,,,,,,,,,,,,,,,,,,,,,,,,,,,,,,,,,,,,,,,,,,,,,,,,,,,,,,,,,,,,,,,,,,,,,,,,,,,,,
,, , , , ,,,,,,,,,,,,,,,,,,,,,,,,,,,,,,,,,,,,,,,,,,,,,,,,,,,,,,,,,,,,,,,,,,,,,,,,,,,,,,,,,,,,,,,,,,,,,,,,,,,,,,,,,,,,,,,,,,,,,,,,,,,,,,,,,,,,,,,,,,,,,,,,,,,,,,,,,,,,,,,,,,,,,,,,,,,,,,,,,,,,,,,,,,,,,,,,,,,,,,,,
Facebook Followers,"4,160",18,0.43%,37,0.90%,,,,,"4,142","4,136","4,123 ","4,123 ","4,098 ","4,082 ","4,053 ","4,047 ","4,036 ","4,028 ","4,024 ","4,023 ","4,019 ","4,016 ","4,009 ","3,991 ","3,987 ","3,972 ","3,957 ","3,943 ","3,930 ","3,922 ","3,896 ","3,859 ","3,841 ","3,813 ","3,780 ","3,742 ","3,731 ","3,732 ","3,720 ","3,695 ","3,668 ","3,659 ","3,648 ","3,639 ","3,641 ","3,630 ","3,618 ","3,607","3,593","3,587","3,585","3,576","3,555","3,514","3,475","3,453","3,445","3,423","3,393","3,377","3,371","3,370","3,363","3,355","3,331","3,320","3,289","3,271","3,262","3,235","3,227","3,221","3,210","3,190","3,126","3,101","3,032","2,944","2,944","2,900","2,900","2,800","2,800","1,906","2,700","2,455","2,430","2,404","2,391","2,300","2,300","2,300","2,200","2,200","2,200","2,100","2,100",,,,,,,,,,,,,,,,,,,,,,,,,,,,,,,,,,,,,,,,,,,,,,,,,,,,,,,,,,,,,,,,,,,,,,,,,,,,,,,,,,,,,,,,,,,,,,,,,,,,,,,,,,,
Instagram Followers,"12,509",26,0.21%,62,0.50%,,,,,"12,483","12,476","12,447 ","12,447 ","12,411 ","12,409 ","12,369 ","10,832 ","10,606 ","10,053 ","10,449 ","10,447 ","10,446 ","10,452 ","10,383 ","10,366 ","10,327 ","10,193 ","10,195 ","10,158 ","9,748 ","9,739 ","8,751 ","7,351 ","7,330 ","7,240 ","7,071 ","6,910 ","6,857 ","6,785 ","6,720 ","6,626 ","6,565 ","6,537 ","6,427 ","6,406 ","6,152 ","5,692 ","5,657 ","5,633","5,584","5,519","5,504","5,460","5,399","5,325","5,273","5,247","5,231","5,174","5,118","5,080","5,061","5,063","5,043","5,030","4,983","4,946","4,904","4,867","4,859","4,793","4,764","4,740","4,722","4,680","4,606","4,583","4,489","4,382","4,377","4,332","4,274","4,166","4,166","4,074","3,930","3,497","3,438","3,401","3,378","3,351","3,281","3,229","3,178","3,135","3,086","3,019","2,972",,,,,,,,,,,,,,,,,,,,,,,,,,,,,,,,,,,,,,,,,,,,,,,,,,,,,,,,,,,,,,,,,,,,,,,,,,,,,,,,,,,,,,,,,,,,,,,,,,,,,,,,,,,
TikTok Followers,675,0,0.00%,0,0.00%,,,,,675,675,675 ,675 ,525 ,525 ,525 ,525 ,525 ,525 ,525 ,603 ,601 ,599 ,597 ,598 ,596 ,593 ,589 ,586 ,583 ,579 ,573 ,564 ,560 ,560 ,537 ,532 ,529 ,529 ,526 ,525 ,516 ,511 ,503 ,492 ,487 ,482 ,476 ,467,465,461,457,448,425,421,418,418,417,409,392,393,390,388,384,381,370,364,352,344,337,318,315,312,309,301,296,297,297,292,288,285,280,271,271,260,256,240,235,231,228,216,208,201,198,193,187,186,184,,,,,,,,,,,,,,,,,,,,,,,,,,,,,,,,,,,,,,,,,,,,,,,,,,,,,,,,,,,,,,,,,,,,,,,,,,,,,,,,,,,,,,,,,,,,,,,,,,,,,,,,,,,
TikTok Likes,"4,388",5,0.11%,22,0.50%,,,,,"4,383","4,366","4,366 ","4,366 ","3,572 ","3,572 ","3,572 ","3,572 ","3,572 ","3,572 ","3,946 ","3,944 ","3,944 ","3,941 ","3,940 ","3,940 ","3,936 ","3,935 ","3,934 ","3,928 ","3,917 ","3,910 ","3,876 ","3,798 ","3,790 ","3,772 ","3,660 ","3,642 ","3,637 ","3,632 ","3,592 ","3,567 ","3,489 ","3,458 ","3,397 ","3,219 ","3,205 ","3,197 ","3,134 ","3,021","2,969","2,964","2,936","2,898","2,759","2,752","2,718","2,723","2,720","2,684","2,378","2,365","2,360","2,357","2,348","2,343","2,329","2,317","2,270","2,253","2,221","2,101","2,094","2,091","2,062","1,975","1,960","1,955","1,953","1,928","1,922","1,920","1,910","1,831","1,831","1,750","1,662","1,543","1,437","1,315","1,226","1,114","1,002",970,960,873,821,724,696,,,,,,,,,,,,,,,,,,,,,,,,,,,,,,,,,,,,,,,,,,,,,,,,,,,,,,,,,,,,,,,,,,,,,,,,,,,,,,,,,,,,,,,,,,,,,,,,,,,,,,,,,,,
YouTube Subscribers,"2,465",5,0.20%,25,1.02%,,,,,"2,460","2,450","2,440 ","2,440 ","2,440 ","2,430 ","2,420 ","2,400 ","2,408 ","2,390 ","2,390 ","2,390 ","2,390 ","2,380 ","2,380 ","2,370 ","2,370 ","2,360 ","2,360 ","2,360 ","2,350 ","2,340 ","2,320 ","2,310 ","2,310 ","2,300 ","2,290 ","2,280 ","2,280 ","2,280 ","2,270 ","2,260 ","2,240 ","2,230 ","2,210 ","2,190 ","2,170 ","2,170 ","2,160 ","2,150","2,140","2,140","2,130","2,120","2,100","2,090","2,070","2,060","2,060","2,040","2,030","2,020","2,010","2,000","2,000","2,000","1,980","1,960","1,950","1,940","1,930","1,910","1,890","1,890","1,870","1,860","1,830","1,810","1,790","1,770","1,750","1,740","1,710","1,680","1,680","1,650","1,610","1,390","1,350","1,330","1,320",,,,,,,,,,,,,,,,,,,,,,,,,,,,,,,,,,,,,,,,,,,,,,,,,,,,,,,,,,,,,,,,,,,,,,,,,,,,,,,,,,,,,,,,,,,,,,,,,,,,,,,,,,,,,,,,,,,
,,,,,,,,,,,,,,,,,,,,,,,,,,,,,,,,,,,,,,,,,,,,,,,,,,,,,,,,,,,,,,,,,,,,,,,,,,,,,,,,,,,,,,,,,,,,,,,,,,,,,,,,,,,,,,,,,,,,,,,,,,,,,,,,,,,,,,,,,,,,,,,,,,,,,,,,,,,,,,,,,,,,,,,,,,,,,,,,,,,,,,,,,,,,,,,,,,,,,,,,,,,,,
,,,,,,,,,,,,,,,,,,,,,,,,,,,,,,,,,,,,,,,,,,,,,,,,,,,,,,,,,,,,,,,,,,,,,,,,,,,,,,,,,,,,,,,,,,,,,,,,,,,,,,,,,,,,,,,,,,,,,,,,,,,,,,,,,,,,,,,,,,,,,,,,,,,,,,,,,,,,,,,,,,,,,,,,,,,,,,,,,,,,,,,,,,,,,,,,,,,,,,,,,,,,,
The Happy Fits,,,,,,,,,,,,,,,,,,,,,,,,,,,,,,,,,,,,,,,,,,,,,,,,,,,,,,,,,,,,,,,,,,,,,,,,,,,,,,,,,,,,,,,,,,,,,,,,,,,,,,,,,,,,,,,,,,,,,,,,,,,,,,,,,,,,,,,,,,,,,,,,,,,,,,,,,,,,,,,,,,,,,,,,,,,,,,,,,,,,,,,,,,,,,,,,,,,,,,,,,,,,,
Spotify,,7-day growth,7-day change,28-day growth,28-day change,,,,,#,12/5,11/26,11/21,11/14/2025,11/7/2025,10/31/2025,10/24/2025,10/17,10/10,10/3,9/26,9/19,9/12,9/5,8/29,8/22,8/15,8/8,8/1,7/25,7/18,7/11,7/2,6/27,6/20,6/13,6/6,5/30,5/23,5/16,5/9,5/2,4/25,4/17(Thurs),4/11,4/4,3/28,,,,,,,,,,,,,,,,,,,,,,,,,,,,,,,,,,,,,,,,,,,,,,,,,,,,,,,,,,,,,,,,,,,,,,,,,,,,,,,,,,,,,,,,,,,,,,,,,,,,,,,,,,,,,,,,,,,,,,,,,,,,,,,,,,,,,,,,,,,,,,,,,,,,,,,,,,,,,,
Spotify followers,"263,341",664,0.25%,"3,676",1.42%,,,,,"262,677","261,631","260,162","259,665","258,986 ","258,342 ","257,872 ","257,382 ","256,719 ","256,187 ","255,336 ","254,425 ","253,899 ","252,532 ","251,554 ","250,715 ","250,179 ","249,375 ","248,849 ","248,189 ","247,570 ","246,278 ","245,441 ","244,796 ","244,208 ","243,685 ","242,855 ","242,504 ","240,957 ","240,406 ","239,228 ","238,209 ","236,763 ","235,854 ","234,917 ","234,287 ","233,600 ","233,152 ",,,,,,,,,,,,,,,,,,,,,,,,,,,,,,,,,,,,,,,,,,,,,,,,,,,,,,,,,,,,,,,,,,,,,,,,,,,,,,,,,,,,,,,,,,,,,,,,,,,,,,,,,,,,,,,,,,,,,,,,,,,,,,,,,,,,,,,,,,,,,,,,,,,,,,,,,,,,,,
Spotify monthly listeners,"872,777","-22,740",-2.54%,"-28,580",-3.17%,,,,,"895,517","907,637","906,290 ","901,357 ","902,963 ","912,967 ","930,591 ","958,399 ","979,680 ","982,066 ","981,081 ","966,847 ","951,034 ","937,070 ","915,857 ","912,634 ","903,774 ","906,566 ","907,947 ","906,374 ","915,204 ","905,261 ","931,675 ","958,371 ","962,467 ","982,032 ","981,670 ","987,925 ","986,910 ","946,799 ","920,933 ","868,300 ","835,672 ","823,472 ","812,277 ","805,167 ","802,309 ","803,541 ",,,,,,,,,,,,,,,,,,,,,,,,,,,,,,,,,,,,,,,,,,,,,,,,,,,,,,,,,,,,,,,,,,,,,,,,,,,,,,,,,,,,,,,,,,,,,,,,,,,,,,,,,,,,,,,,,,,,,,,,,,,,,,,,,,,,,,,,,,,,,,,,,,,,,,,,,,,,,,
,, , , , ,,Listeners,Saves,Save %,,,,,,,,,,,,,,,,,,,,,,,,,,,,,,,,,,,,,,,,,,,,,,,,,,,,,,,,,,,,,,,,,,,,,,,,,,,,,,,,,,,,,,,,,,,,,,,,,,,,,,,,,,,,,,,,,,,,,,,,,,,,,,,,,,,,,,,,,,,,,,,,,,,,,,,,,,,,,,,,,,,,,,,,,,,,,,,,,,,,,,,,,,,,,,,,,,,,
Everything You Do,"2,992,293","84,467",2.90%,"357,865",13.58%,,"475,454","127,957",26.91%,"2,907,826","2,814,189","2,682,798 ","2,634,428 ","2,544,272 ","2,457,236 ","2,380,953 ","2,317,482 ","2,236,030 ","2,173,769 ","2,083,772 ","2,015,520 ","1,954,805 ","1,801,053 ","1,742,963 ","1,664,526 ","1,608,399 ","1,534,246 ","1,463,650 ","1,397,655 ","1,342,741 ","1,274,719 ","1,188,779 ","1,112,780 ","1,050,458 ","981,350 ","873,288 ","775,123 ","628,892 ","480,592 ","147,550 ","131,392 ","61,947 ",,,,,,,,,,,,,,,,,,,,,,,,,,,,,,,,,,,,,,,,,,,,,,,,,,,,,,,,,,,,,,,,,,,,,,,,,,,,,,,,,,,,,,,,,,,,,,,,,,,,,,,,,,,,,,,,,,,,,,,,,,,,,,,,,,,,,,,,,,,,,,,,,,,,,,,,,,,,,,,,,,,
Cruel Power,"2,066,655","54,092",2.69%,"244,229",13.40%,,"405,318","92,743",22.88%,"2,012,563","1,949,015","1,858,292 ","1,822,426 ","1,757,873 ","1,693,384 ","1,633,015 ","1,569,603 ","1,489,264 ","1,427,943 ","1,333,979 ","1,272,405 ","1,219,625 ","1,060,892 ","999,120 ","922,533 ","870,828 ","795,170 ","727,557 ","667,411 ","624,833 ","565,351 ","490,363 ","421,473 ","352,720 ","272,711 ","148,643 ","106,226 ",,,,,,,,,,,,,,,,,,,,,,,,,,,,,,,,,,,,,,,,,,,,,,,,,,,,,,,,,,,,,,,,,,,,,,,,,,,,,,,,,,,,,,,,,,,,,,,,,,,,,,,,,,,,,,,,,,,,,,,,,,,,,,,,,,,,,,,,,,,,,,,,,,,,,,,,,,,,,,,,,,,,,,,,
Wild In Love,"939,402","21,250",2.31%,"95,006",11.25%,,"190,899","64,509",33.79%,"918,152","893,636","858,468 ","844,396 ","817,296 ","790,075 ","763,413 ","734,904 ","696,036 ","663,153 ","618,278 ","582,373 ","546,953 ","453,154 ","415,876 ","369,213 ","334,396 ","276,734 ","212,952 ","161,093 ","117,484 ","30,512 ",,,,,,,,,,,,,,,,,,,,,,,,,,,,,,,,,,,,,,,,,,,,,,,,,,,,,,,,,,,,,,,,,,,,,,,,,,,,,,,,,,,,,,,,,,,,,,,,,,,,,,,,,,,,,,,,,,,,,,,,,,,,,,,,,,,,,,,,,,,,,,,,,,,,,,,,,,,,,,,,,,,,,,,,,,,,,,
Do You See Me?,"1,303,441","46,227",3.68%,"198,496",17.96%,,"265,222","76,358",28.79%,"1,257,214","1,207,135","1,133,651 ","1,104,945 ","1,049,722 ","995,628 ","943,861 ","888,658 ","815,079 ","755,014 ","665,348 ","603,327 ","543,788 ","388,826 ","319,904 ","217,869 ","154,096 ","43,331 ",,,,,,,,,,,,,,,,,,,,,,,,,,,,,,,,,,,,,,,,,,,,,,,,,,,,,,,,,,,,,,,,,,,,,,,,,,,,,,,,,,,,,,,,,,,,,,,,,,,,,,,,,,,,,,,,,,,,,,,,,,,,,,,,,,,,,,,,,,,,,,,,,,,,,,,,,,,,,,,,,,,,,,,,,,,,,,,,,,
Black Hole,"864,698","36,003",4.34%,"147,006",20.48%,,"202,123","57,030",28.22%,"828,695","790,708","737,868 ","717,692 ","677,363 ","635,921 ","595,413 ","561,968 ","518,398 ","482,257 ","420,951 ","364,024 ","309,438 ","126,882 ","35,532 ",,,,,,,,,,,,,,,,,,,,,,,,,,,,,,,,,,,,,,,,,,,,,,,,,,,,,,,,,,,,,,,,,,,,,,,,,,,,,,,,,,,,,,,,,,,,,,,,,,,,,,,,,,,,,,,,,,,,,,,,,,,,,,,,,,,,,,,,,,,,,,,,,,,,,,,,,,,,,,,,,,,,,,,,,,,,,,,,,,,,,
Lovesick #1 (Misery),"823,841","40,605",5.18%,"174,204",26.82%,,"182,283","54,335",29.81%,"783,236","739,053","675,819 ","649,637 ","599,373 ","553,945 ","505,740 ","460,557 ","393,562 ","334,361 ","243,276 ","167,428 ","91,781 ",,,,,,,,,,,,,,,,,,,,,,,,,,,,,,,,,,,,,,,,,,,,,,,,,,,,,,,,,,,,,,,,,,,,,,,,,,,,,,,,,,,,,,,,,,,,,,,,,,,,,,,,,,,,,,,,,,,,,,,,,,,,,,,,,,,,,,,,,,,,,,,,,,,,,,,,,,,,,,,,,,,,,,,,,,,,,,,,,,,,,,,
,, , , , ,,,,,,,,,,,,,,,,,,,,,,,,,,,,,,,,,,,,,,,,,,,,,,,,,,,,,,,,,,,,,,,,,,,,,,,,,,,,,,,,,,,,,,,,,,,,,,,,,,,,,,,,,,,,,,,,,,,,,,,,,,,,,,,,,,,,,,,,,,,,,,,,,,,,,,,,,,,,,,,,,,,,,,,,,,,,,,,,,,,,,,,,,,,,,,,,,,,,,,,,
YouTube,, , , , ,,,,,,,,,,,,,,,,,,,,,,,,,,,,,,,,,,,,,,,,,,,,,,,,,,,,,,,,,,,,,,,,,,,,,,,,,,,,,,,,,,,,,,,,,,,,,,,,,,,,,,,,,,,,,,,,,,,,,,,,,,,,,,,,,,,,,,,,,,,,,,,,,,,,,,,,,,,,,,,,,,,,,,,,,,,,,,,,,,,,,,,,,,,,,,,,,,,,,,,,
Everything You Do,"193,953","5,192",2.75%,"24,166",14.23%,,,,,"188,761","182,769","174,099 ","169,787 ","164,340 ","159,374 ","154,968 ","150,632 ","146,245 ","142,236 ","138,050 ","133,208 ","130,046 ","123,442 ","120,259 ","117,321 ","114,116 ","110,328 ","106,489 ","103,245 ","99,587 ","94,031 ","89,770 ","84,456 ","80,720 ","75,710 ","69,922 ","62,379 ","56,543 ","49,409 ","42,229 ","32,453 ",,,,,,,,,,,,,,,,,,,,,,,,,,,,,,,,,,,,,,,,,,,,,,,,,,,,,,,,,,,,,,,,,,,,,,,,,,,,,,,,,,,,,,,,,,,,,,,,,,,,,,,,,,,,,,,,,,,,,,,,,,,,,,,,,,,,,,,,,,,,,,,,,,,,,,,,,,,,,,,,,,,,
Cruel Power,"188,145","4,075",2.21%,"16,904",9.87%,,,,,"184,070","179,767","174,039 ","171,241 ","167,307 ","163,299 ","159,150 ","155,308 ","151,413 ","147,308 ","143,544 ","138,897 ","135,981 ","129,690 ","124,939 ","121,919 ","118,727 ","114,665 ","111,404 ","108,284 ","104,488 ","98,635 ","93,772 ","87,777 ","76,075 ","55,974 ","43,725 ","21,744 ",,,,,,,,,,,,,,,,,,,,,,,,,,,,,,,,,,,,,,,,,,,,,,,,,,,,,,,,,,,,,,,,,,,,,,,,,,,,,,,,,,,,,,,,,,,,,,,,,,,,,,,,,,,,,,,,,,,,,,,,,,,,,,,,,,,,,,,,,,,,,,,,,,,,,,,,,,,,,,,,,,,,,,,,
Wild In Love,"199,315","2,538",1.29%,"10,823",5.74%,,,,,"196,777","194,114","190,556 ","188,492 ","185,526 ","179,588 ","173,321 ","169,338 ","166,554 ","164,271 ","161,973 ","158,908 ","156,947 ","150,855 ","147,067 ","144,417 ","141,548 ","136,883 ","132,625 ","97,992 ","57,972 ",,,,,,,,,,,,,,,,,,,,,,,,,,,,,,,,,,,,,,,,,,,,,,,,,,,,,,,,,,,,,,,,,,,,,,,,,,,,,,,,,,,,,,,,,,,,,,,,,,,,,,,,,,,,,,,,,,,,,,,,,,,,,,,,,,,,,,,,,,,,,,,,,,,,,,,,,,,,,,,,,,,,,,,,,,,,,,,
Do You See Me?,"106,754","1,498",1.42%,"6,709",6.71%,,,,,"105,256","103,692","101,229 ","100,045 ","98,203 ","96,168 ","94,489 ","92,848 ","91,060 ","89,132 ","86,905 ","83,837 ","81,597 ","75,365 ","72,071 ","49,698 ","15,486 ","11,712 ",,,,,,,,,,,,,,,,,,,,,,,,,,,,,,,,,,,,,,,,,,,,,,,,,,,,,,,,,,,,,,,,,,,,,,,,,,,,,,,,,,,,,,,,,,,,,,,,,,,,,,,,,,,,,,,,,,,,,,,,,,,,,,,,,,,,,,,,,,,,,,,,,,,,,,,,,,,,,,,,,,,,,,,,,,,,,,,,,,
Black Hole,"139,012","2,436",1.78%,"11,410",8.94%,,,,,"136,576","133,908","129,816 ","127,602 ","124,443 ","121,854 ","119,261 ","116,374 ","113,278 ","109,785 ","105,963 ","100,934 ","97,443 ",,,,,,,,,,,,,,,,,,,,,,,,,,,,,,,,,,,,,,,,,,,,,,,,,,,,,,,,,,,,,,,,,,,,,,,,,,,,,,,,,,,,,,,,,,,,,,,,,,,,,,,,,,,,,,,,,,,,,,,,,,,,,,,,,,,,,,,,,,,,,,,,,,,,,,,,,,,,,,,,,,,,,,,,,,,,,,,,,,,,,,,
Lovesick #1 (Misery),"161,031","2,248",1.42%,"10,661",7.09%,,,,,"158,783","156,113","152,374 ","150,370 ","147,434 ","144,506 ","141,338 ","138,173 ","134,531 ","124,532 ","67,045 ","28,056 ","9,976 ",,,,,,,,,,,,,,,,,,,,,,,,,,,,,,,,,,,,,,,,,,,,,,,,,,,,,,,,,,,,,,,,,,,,,,,,,,,,,,,,,,,,,,,,,,,,,,,,,,,,,,,,,,,,,,,,,,,,,,,,,,,,,,,,,,,,,,,,,,,,,,,,,,,,,,,,,,,,,,,,,,,,,,,,,,,,,,,,,,,,,,,
,, , , , ,,,,,,,,,,,,,,,,,,,,,,,,,,,,,,,,,,,,,,,,,,,,,,,,,,,,,,,,,,,,,,,,,,,,,,,,,,,,,,,,,,,,,,,,,,,,,,,,,,,,,,,,,,,,,,,,,,,,,,,,,,,,,,,,,,,,,,,,,,,,,,,,,,,,,,,,,,,,,,,,,,,,,,,,,,,,,,,,,,,,,,,,,,,,,,,,,,,,,,,,
Facebook Followers,8131,23,0.28%,268,3.41%,,,,,8108,"8,056","7,897 ","7,863 ","7,793 ","7,742 ","7,689 ","7,672 ","7,654 ","7,635 ","7,575 ","7,513 ","7,513 ","7,494 ","7,473 ","7,463 ","7,444 ","7,431 ","7,422 ","7,413 ","7,394 ","7,275 ","7,258 ","7,257 ","7,249 ","7,213 ","7,196 ","7,164 ","7,158 ","7,117 ","7,117 ","7,116 ","7,096 ","7,079 ","7,081 ","7,085 ","7,086 ","7,087 ",,,,,,,,,,,,,,,,,,,,,,,,,,,,,,,,,,,,,,,,,,,,,,,,,,,,,,,,,,,,,,,,,,,,,,,,,,,,,,,,,,,,,,,,,,,,,,,,,,,,,,,,,,,,,,,,,,,,,,,,,,,,,,,,,,,,,,,,,,,,,,,,,,,,,,,,,,,,,,
Instagram Followers,"202,672",531,0.26%,"4,075",2.05%,,,,,"202,141","201,322","199,546 ","198,597 ","197,297 ","196,436 ","196,228 ","196,124 ","195,731 ","195,261 ","194,729 ","193,857 ","193,208 ","191,750 ","190,977 ","189,821 ","188,661 ","187,228 ","186,037 ","184,092 ","181,978 ","180,414 ","179,291 ","177,801 ","177,710 ","175,881 ","174,572 ","173,322 ","170,580 ","167,800 ","164,688 ","162,955 ","160,246 ","156,494 ","152,169 ","148,137 ","146,180 ","145,342 ",,,,,,,,,,,,,,,,,,,,,,,,,,,,,,,,,,,,,,,,,,,,,,,,,,,,,,,,,,,,,,,,,,,,,,,,,,,,,,,,,,,,,,,,,,,,,,,,,,,,,,,,,,,,,,,,,,,,,,,,,,,,,,,,,,,,,,,,,,,,,,,,,,,,,,,,,,,,,,
TikTok Followers,"119,900",100,0.08%,523,0.44%,,,,,"119,800","119,700","119,500 ","119,377 ","118,994 ","118,739 ","118,372 ","118,044 ","117,290 ","116,444 ","115,400 ","114,700 ","113,600 ","113,000 ","112,800 ","112,700 ","112,600 ","112,500 ","112,400 ","112,400 ","112,300 ","112,200 ","112,100 ","112,100 ","111,700 ","111,300 ","111,000 ","110,200 ","110,000 ","109,700 ","109,200 ","109,100 ","108,900 ","108,800 ","108,800 ","108,800 ","108,700 ","108,100 ",,,,,,,,,,,,,,,,,,,,,,,,,,,,,,,,,,,,,,,,,,,,,,,,,,,,,,,,,,,,,,,,,,,,,,,,,,,,,,,,,,,,,,,,,,,,,,,,,,,,,,,,,,,,,,,,,,,,,,,,,,,,,,,,,,,,,,,,,,,,,,,,,,,,,,,,,,,,,,
TikTok Likes,"2,400,000",0,0.00%,0,0.00%,,,,,"2,400,000","2,400,000","2,400,000 ","2,400,000 ","2,400,000 ","2,400,000 ","2,400,000 ","2,400,000 ","2,300,000 ","2,300,000 ","2,300,000 ","2,300,000 ","2,300,000 ","2,300,000 ","2,300,000 ","2,300,000 ","2,300,000 ","2,300,000 ","2,300,000 ","2,300,000 ","2,300,000 ","2,300,000 ","2,300,000 ","2,300,000 ","2,300,000 ","2,300,000 ","2,300,000 ","2,300,000 ","2,300,000 ","2,200,000 ","2,200,000 ","2,200,000 ","2,200,000 ","2,200,000 ","2,200,000 ","2,200,000 ","2,200,000 ","2,200,000 ",,,,,,,,,,,,,,,,,,,,,,,,,,,,,,,,,,,,,,,,,,,,,,,,,,,,,,,,,,,,,,,,,,,,,,,,,,,,,,,,,,,,,,,,,,,,,,,,,,,,,,,,,,,,,,,,,,,,,,,,,,,,,,,,,,,,,,,,,,,,,,,,,,,,,,,,,,,,,,
YouTube Subscribers,67000,300,0.45%,"1,344",2.05%,,,,,66700,"66,300","65,800 ","65,656 ","65,304 ","64,527 ","64,514 ","64,370 ","64,100 ","63,819 ","63,600 ","63,300 ","63,100 ","62,400 ","62,000 ","61,700 ","61,400 ","61,100 ","60,800 ","60,600 ","60,400 ","59,900 ","59,600 ","59,400 ","59,200 ","58,800 ","58,400 ","58,000 ","57,600 ","57,300 ","56,900 ","56,500 ","55,800 ","55,400 ","55,200 ","55,100 ","54,900 ","54,800 ",,,,,,,,,,,,,,,,,,,,,,,,,,,,,,,,,,,,,,,,,,,,,,,,,,,,,,,,,,,,,,,,,,,,,,,,,,,,,,,,,,,,,,,,,,,,,,,,,,,,,,,,,,,,,,,,,,,,,,,,,,,,,,,,,,,,,,,,,,,,,,,,,,,,,,,,,,,,,,
,,,,,,,,,,,,,,,,,,,,,,,,,,,,,,,,,,,,,,,,,,,,,,,,,,,,,,,,,,,,,,,,,,,,,,,,,,,,,,,,,,,,,,,,,,,,,,,,,,,,,,,,,,,,,,,,,,,,,,,,,,,,,,,,,,,,,,,,,,,,,,,,,,,,,,,,,,,,,,,,,,,,,,,,,,,,,,,,,,,,,,,,,,,,,,,,,,,,,,,,,,,,,
Jack Schneider,,,,,,,,,,,,,,,,,,,,,,,,,,,,,,,,,,,,,,,,,,,,,,,,,,,,,,,,,,,,,,,,,,,,,,,,,,,,,,,,,,,,,,,,,,,,,,,,,,,,,,,,,,,,,,,,,,,,,,,,,,,,,,,,,,,,,,,,,,,,,,,,,,,,,,,,,,,,,,,,,,,,,,,,,,,,,,,,,,,,,,,,,,,,,,,,,,,,,,,,,,,,,
Spotify,,7-day growth,7-day change,28-day growth,28-day change,,,,,#,12/5,11/26,11/21,11/14/2025,11/7/2025,10/31/2025,10/24/2025,10/17,10/10,10/3,9/26,9/19,9/12,9/5,,,,,,,,,,,,,,,,,,,,,,,,,,,,,,,,,,,,,,,,,,,,,,,,,,,,,,,,,,,,,,,,,,,,,,,,,,,,,,,,,,,,,,,,,,,,,,,,,,,,,,,,,,,,,,,,,,,,,,,,,,,,,,,,,,,,,,,,,,,,,,,,,,,,,,,,,,,,,,,,,,,,,,,,,,,,,,,,,,,,,
Spotify followers,982,7,0.72%,18,1.87%,,,,,975,973,967,964,959,953,1019,1013,1008,931,930,913,904,881,875,,,,,,,,,,,,,,,,,,,,,,,,,,,,,,,,,,,,,,,,,,,,,,,,,,,,,,,,,,,,,,,,,,,,,,,,,,,,,,,,,,,,,,,,,,,,,,,,,,,,,,,,,,,,,,,,,,,,,,,,,,,,,,,,,,,,,,,,,,,,,,,,,,,,,,,,,,,,,,,,,,,,,,,,,,,,,,,,,,,,,
Spotify monthly listeners,894,-139,-13.46%,-830,-48.14%,,,,,"1,033","1,189","1,502","1,724","26,522","3,208","5,163","9,072","9,673","9,676",8239,3860,3747,4924,4589,,,,,,,,,,,,,,,,,,,,,,,,,,,,,,,,,,,,,,,,,,,,,,,,,,,,,,,,,,,,,,,,,,,,,,,,,,,,,,,,,,,,,,,,,,,,,,,,,,,,,,,,,,,,,,,,,,,,,,,,,,,,,,,,,,,,,,,,,,,,,,,,,,,,,,,,,,,,,,,,,,,,,,,,,,,,,,,,,,,,,
,, , , , ,,Listeners,Saves,Save %,,,,,,,,,,,,,,,,,,,,,,,,,,,,,,,,,,,,,,,,,,,,,,,,,,,,,,,,,,,,,,,,,,,,,,,,,,,,,,,,,,,,,,,,,,,,,,,,,,,,,,,,,,,,,,,,,,,,,,,,,,,,,,,,,,,,,,,,,,,,,,,,,,,,,,,,,,,,,,,,,,,,,,,,,,,,,,,,,,,,,,,,,,,,,,,,,,,,
Streets of September,"8,610",31,0.36%,186,2.21%,,6419,219,3.41%,"8,579","8,532","8,438","8,424","8,334","8,210","8,078","7,644","6,917","6,339",4573,307,,,,,,,,,,,,,,,,,,,,,,,,,,,,,,,,,,,,,,,,,,,,,,,,,,,,,,,,,,,,,,,,,,,,,,,,,,,,,,,,,,,,,,,,,,,,,,,,,,,,,,,,,,,,,,,,,,,,,,,,,,,,,,,,,,,,,,,,,,,,,,,,,,,,,,,,,,,,,,,,,,,,,,,,,,,,,,,,,,,,,,,,
Crying in the Rain,"6,562",28,0.43%,140,2.18%,,"3,428",255,6.39%,"6,534","6,505","6,447","6,422","6,347","6,260","6,197","6,099","5,966","5,839",5515,4583,3336,2124,10,,,,,,,,,,,,,,,,,,,,,,,,,,,,,,,,,,,,,,,,,,,,,,,,,,,,,,,,,,,,,,,,,,,,,,,,,,,,,,,,,,,,,,,,,,,,,,,,,,,,,,,,,,,,,,,,,,,,,,,,,,,,,,,,,,,,,,,,,,,,,,,,,,,,,,,,,,,,,,,,,,,,,,,,,,,,,,,,,,,,,
Stones Throw,"9,055",44,0.49%,278,3.17%,,"5,453",381,6.99%,"9,011","8,946","8,838","8,777","8,670","8,521","8,420","8,292","8,137","8,024","7,786 ","7,041 ","6,774 ","6,365 ","5,989 ","5,348 ",,,,,,,,,,,,,,,,,,,,,,,,,,,,,,,,,,,,,,,,,,,,,,,,,,,,,,,,,,,,,,,,,,,,,,,,,,,,,,,,,,,,,,,,,,,,,,,,,,,,,,,,,,,,,,,,,,,,,,,,,,,,,,,,,,,,,,,,,,,,,,,,,,,,,,,,,,,,,,,,,,,,,,,,,,,,,,,,,,,,
,, , , , ,,,,,,,,,,,,,,,,,,,,,,,,,,,,,,,,,,,,,,,,,,,,,,,,,,,,,,,,,,,,,,,,,,,,,,,,,,,,,,,,,,,,,,,,,,,,,,,,,,,,,,,,,,,,,,,,,,,,,,,,,,,,,,,,,,,,,,,,,,,,,,,,,,,,,,,,,,,,,,,,,,,,,,,,,,,,,,,,,,,,,,,,,,,,,,,,,,,,,,,,
Facebook Followers,"1,089",3,0.28%,13,1.21%,,,,,"1,086","1,085","1,080","1,076","1,070","1,069","1,069","1,065","1,063","1,063","1,063","1,050","1,050","1,049","1,043",,,,,,,,,,,,,,,,,,,,,,,,,,,,,,,,,,,,,,,,,,,,,,,,,,,,,,,,,,,,,,,,,,,,,,,,,,,,,,,,,,,,,,,,,,,,,,,,,,,,,,,,,,,,,,,,,,,,,,,,,,,,,,,,,,,,,,,,,,,,,,,,,,,,,,,,,,,,,,,,,,,,,,,,,,,,,,,,,,,,,
Instagram Followers,"6,571",-5,-0.08%,24,0.37%,,,,,"6,576","6,574","6,560","6,547","6,523","6,507","6,507","6,475","6,470","6,474","6,647","6,308","6,281","6,200","6,186",,,,,,,,,,,,,,,,,,,,,,,,,,,,,,,,,,,,,,,,,,,,,,,,,,,,,,,,,,,,,,,,,,,,,,,,,,,,,,,,,,,,,,,,,,,,,,,,,,,,,,,,,,,,,,,,,,,,,,,,,,,,,,,,,,,,,,,,,,,,,,,,,,,,,,,,,,,,,,,,,,,,,,,,,,,,,,,,,,,,,
TikTok,"5,991",11,0.18%,27,0.45%,,,,,"5,980","5,980","5,975","5,964","5,952","5,883","5,876","5,868","5,863","5,863","5,848","5,837","5,844","5,321","5,316",,,,,,,,,,,,,,,,,,,,,,,,,,,,,,,,,,,,,,,,,,,,,,,,,,,,,,,,,,,,,,,,,,,,,,,,,,,,,,,,,,,,,,,,,,,,,,,,,,,,,,,,,,,,,,,,,,,,,,,,,,,,,,,,,,,,,,,,,,,,,,,,,,,,,,,,,,,,,,,,,,,,,,,,,,,,,,,,,,,,,
TikTok Likes,"63,221",221,0.35%,421,0.67%,,,,,"63,000","63,000","62,900","62,800","62,600","61,700","61,500","61,300","61,100","61,000","60,300",59900,58700,57800,,,,,,,,,,,,,,,,,,,,,,,,,,,,,,,,,,,,,,,,,,,,,,,,,,,,,,,,,,,,,,,,,,,,,,,,,,,,,,,,,,,,,,,,,,,,,,,,,,,,,,,,,,,,,,,,,,,,,,,,,,,,,,,,,,,,,,,,,,,,,,,,,,,,,,,,,,,,,,,,,,,,,,,,,,,,,,,,,,,,,,
,,,,,,,,,,,,,,,,,,,,,,,,,,,,,,,,,,,,,,,,,,,,,,,,,,,,,,,,,,,,,,,,,,,,,,,,,,,,,,,,,,,,,,,,,,,,,,,,,,,,,,,,,,,,,,,,,,,,,,,,,,,,,,,,,,,,,,,,,,,,,,,,,,,,,,,,,,,,,,,,,,,,,,,,,,,,,,,,,,,,,,,,,,,,,,,,,,,,,,,,,,,,,
Jerry's Middle Finger,,,,,,,,,,,,,,,,,,,,,,,,,,,,,,,,,,,,,,,,,,,,,,,,,,,,,,,,,,,,,,,,,,,,,,,,,,,,,,,,,,,,,,,,,,,,,,,,,,,,,,,,,,,,,,,,,,,,,,,,,,,,,,,,,,,,,,,,,,,,,,,,,,,,,,,,,,,,,,,,,,,,,,,,,,,,,,,,,,,,,,,,,,,,,,,,,,,,,,,,,,,,,
Spotify,,7-day growth,7-day change,28-day growth,28-day change,,,,,#,12/5,11/26,11/21,11/14/2025,11/7/2025,10/24,10/24,,,,,,,,,,,,,,,,,,,,,,,,,,,,,,,,,,,,,,,,,,,,,,,,,,,,,,,,,,,,,,,,,,,,,,,,,,,,,,,,,,,,,,,,,,,,,,,,,,,,,,,,,,,,,,,,,,,,,,,,,,,,,,,,,,,,,,,,,,,,,,,,,,,,,,,,,,,,,,,,,,,,,,,,,,,,,,,,,,,,,,,,,,,,
Spotify followers,376,10,2.73%, , ,,,,,366,350,335 ,328 ,,,,,,,,,,,,,,,,,,,,,,,,,,,,,,,,,,,,,,,,,,,,,,,,,,,,,,,,,,,,,,,,,,,,,,,,,,,,,,,,,,,,,,,,,,,,,,,,,,,,,,,,,,,,,,,,,,,,,,,,,,,,,,,,,,,,,,,,,,,,,,,,,,,,,,,,,,,,,,,,,,,,,,,,,,,,,,,,,,,,,,,,,,,,,,,,
Spotify monthly listeners,696,17,2.50%, , ,,,,,679,607,601 ,466 ,,,,,,,,,,,,,,,,,,,,,,,,,,,,,,,,,,,,,,,,,,,,,,,,,,,,,,,,,,,,,,,,,,,,,,,,,,,,,,,,,,,,,,,,,,,,,,,,,,,,,,,,,,,,,,,,,,,,,,,,,,,,,,,,,,,,,,,,,,,,,,,,,,,,,,,,,,,,,,,,,,,,,,,,,,,,,,,,,,,,,,,,,,,,,,,,
,, , , , ,,Listeners,Saves,Save %,,,, , , , , ,,,,,,,,,,,,,,,,,,,,,,,,,,,,,,,,,,,,,,,,,,,,,,,,,,,,,,,,,,,,,,,,,,,,,,,,,,,,,,,,,,,,,,,,,,,,,,,,,,,,,,,,,,,,,,,,,,,,,,,,,,,,,,,,,,,,,,,,,,,,,,,,,,,,,,,,,,,,,,,,,,,,,,,,,,,,,,,,,,,,,,,,,,,,
That's What Love Will Make You Do (The Chapel),543,32,6.26%,183,50.83%,,240,110,45.83%,511,459,406 ,360 ,305 ,264 ,195 ,134 ,,,,,,,,,,,,,,,,,,,,,,,,,,,,,,,,,,,,,,,,,,,,,,,,,,,,,,,,,,,,,,,,,,,,,,,,,,,,,,,,,,,,,,,,,,,,,,,,,,,,,,,,,,,,,,,,,,,,,,,,,,,,,,,,,,,,,,,,,,,,,,,,,,,,,,,,,,,,,,,,,,,,,,,,,,,,,,,,,,,,,,,,,,,,
Cats Under the Stars (Jerry Day) ,117,14,13.59%,,,,74,56,75.68%,103,83,53 ,35 ,,,,,,,,,,,,,,,,,,,,,,,,,,,,,,,,,,,,,,,,,,,,,,,,,,,,,,,,,,,,,,,,,,,,,,,,,,,,,,,,,,,,,,,,,,,,,,,,,,,,,,,,,,,,,,,,,,,,,,,,,,,,,,,,,,,,,,,,,,,,,,,,,,,,,,,,,,,,,,,,,,,,,,,,,,,,,,,,,,,,,,,,,,,,,,,,
,,,,,,,,,,,,,,,,,,,,,,,,,,,,,,,,,,,,,,,,,,,,,,,,,,,,,,,,,,,,,,,,,,,,,,,,,,,,,,,,,,,,,,,,,,,,,,,,,,,,,,,,,,,,,,,,,,,,,,,,,,,,,,,,,,,,,,,,,,,,,,,,,,,,,,,,,,,,,,,,,,,,,,,,,,,,,,,,,,,,,,,,,,,,,,,,,,,,,,,,,,,,,
Facebook Followers,"11,000",,,,,,,,,"11,186",,,,,,,,,,,,,,,,,,,,,,,,,,,,,,,,,,,,,,,,,,,,,,,,,,,,,,,,,,,,,,,,,,,,,,,,,,,,,,,,,,,,,,,,,,,,,,,,,,,,,,,,,,,,,,,,,,,,,,,,,,,,,,,,,,,,,,,,,,,,,,,,,,,,,,,,,,,,,,,,,,,,,,,,,,,,,,,,,,,,,,,,,,,,,,,,,,,
Instagram Followers,10727,,,,,,,,,10682,,,,,,,,,,,,,,,,,,,,,,,,,,,,,,,,,,,,,,,,,,,,,,,,,,,,,,,,,,,,,,,,,,,,,,,,,,,,,,,,,,,,,,,,,,,,,,,,,,,,,,,,,,,,,,,,,,,,,,,,,,,,,,,,,,,,,,,,,,,,,,,,,,,,,,,,,,,,,,,,,,,,,,,,,,,,,,,,,,,,,,,,,,,,,,,,,,,
YouTube Subscribers,243,,,,,,,,,239,,,,,,,,,,,,,,,,,,,,,,,,,,,,,,,,,,,,,,,,,,,,,,,,,,,,,,,,,,,,,,,,,,,,,,,,,,,,,,,,,,,,,,,,,,,,,,,,,,,,,,,,,,,,,,,,,,,,,,,,,,,,,,,,,,,,,,,,,,,,,,,,,,,,,,,,,,,,,,,,,,,,,,,,,,,,,,,,,,,,,,,,,,,,,,,,,,,
,,,,, ,,,,,,,,,,,,,,,,,,,,,,,,,,,,,,,,,,,,,,,,,,,,,,,,,,,,,,,,,,,,,,,,,,,,,,,,,,,,,,,,,,,,,,,,,,,,,,,,,,,,,,,,,,,,,,,,,,,,,,,,,,,,,,,,,,,,,,,,,,,,,,,,,,,,,,,,,,,,,,,,,,,,,,,,,,,,,,,,,,,,,,,,,,,,,,,,,,,,,,,,
Mountain Stage,,,,,,,,,,,,,,,,,,,,,,,,,,,,,,,,,,,,,,,,,,,,,,,,,,,,,,,,,,,,,,,,,,,,,,,,,,,,,,,,,,,,,,,,,,,,,,,,,,,,,,,,,,,,,,,,,,,,,,,,,,,,,,,,,,,,,,,,,,,,,,,,,,,,,,,,,,,,,,,,,,,,,,,,,,,,,,,,,,,,,,,,,,,,,,,,,,,,,,,,,,,,,
Socials,,7-day growth,7-day change,28-day growth,28-day change,,,365daygrowth,365daychange,#,12/5/2025,11/26/2025,11/21/2025,11/14/2025,11/7/2025,10/31/2025,10/24/2025,10/17,10/10,10/3,9/26,9/19,9/12,9/5,8/29,8/22,8/15,8/8,8/1,7/25,7/18,7/11,7/2,6/27,6/20,6/13,6/6,5/30,5/23,5/16,5/9,5/2,4/25,4/17(Thurs),4/11,4/4,3/28,3/21,3/14,3/7,2/18,2/21,2/14,2/7,1/31,1/24,1/17,1/10,12/20,12/13,12/6,11/27,11/22,11/15,11/8,11/1,10/25,10/18,10/11,10/4,9/27,9/20,9/13,9/6,8/30,8/23,8/16,8/9,8/2,7/26,7/19,7/12,7/5,6/28,6/21,6/14,6/7,5/31,5/24,5/17,5/3,4/26,4/19,4/12,4/5,3/29,3/22,3/15,3/8,3/1,2/23,2/16,2/9,2/2,1/26,1/19,1/12,1/5,12/20,12/15,10/20,10/13,10/6,9/29,9/22,9/15,9/8,9/1,8/25,8/18,8/11,8/4,7/28,7/21,7/14,6/23,6/16,6/2,5/26,5/19,5/12,5/5,4/28,4/21,4/14,4/7,3/31,3/17,3/10,3/3,2/24,2/17,2/10,2/3,1/20,1/13,1/6,12/23,12/16,12/9,12/2,11/25,11/18,11/11,11/4,10/28,10/14,10/7,9/30,9/23,9/16,9/9,9/2,8/26,8/19,8/12,8/5,7/29,7/22,7/15,7/8,7/1,6/17,6/10,6/3,5/27,5/20,5/13,5/6,4/29,4/22,4/15,4/8,4/1,3/25,3/18,3/11,3/4,2/25,2/18,2/11,2/4,1/28,1/21,1/14,1/7,12/31,12/24,12/17,12/10,12/3,11/26,11/19,11/12,11/5
Facebook Followers,47909,12,0.03%,263,0.55%,,,"3,931",8.24%,47897,"47,759","47,720 ","47,646 ","47,423 ","47,399 ","47,377 ","47,346 ","47,341 ","47,323 ","47,292 ","47,158 ","47,082 ","46,895 ","46,763 ","46,756 ","46,762 ","46,717 ","46,704 ","46,694 ","46,645 ","46,629 ","46,612 ","46,617 ","46,611 ","46,598 ","46,582 ","46,565 ","46,569 ","46,557 ","46,540 ","46,528 ","46,468 ","46,451 ","46,441 ","46,432 ","46,442 ","43,763 ","46,378 ","46,382","43,763","46,394","46,423","46,446","46,446","46,448","43,820","43,810","43,807","43,825","43,833","43,831","43,827","43,821","43,805","43,791","43,789","43,778","43,760","43,761","43,756","43,756","43,753","43,745","46,186","46,190","46,182","46,176","46,166","46,162","46,155","46,147","46,110","46,110","46,110","46,094","46,066","46,049","46,014","45,990","45,963","45,918","45,882","45,871","45,785","45,752","45,612","45,411","45,357","45,188","45,105","45,066","44,986","44,857","44,825","44,803","44,760","44,663","44,610","44,576","44,557","44,337","44,301","44,281","44,140","44,140","44,140","44,112","44,088","44,002","43,994","43,977","43,902","43,879","43,879","43,868","43,709","43,709","46,100","46,081","46,031","44,254","44,221","44,169","44,152","44,064","43,980","43,912","43,772","43,754","43,699","43,641","43,563","43,550","43,469","43,281","43,187","43,159","43,065","43,040","42,991","42,970","42,952","42,922","42,883","42,878","42,864","42,803","42,706","42,680","42,502","42,433","42,336","42,253","42,168","42,021","42,022","41,974","41,943","41,894","41,868","41,784","41,767","41,663","41,657","41,647","41,632","41,607","41,580","41,559","41,518","41,471","41,440","41,408","41,359","41,337","41,321","41,256","41,215","41,180","41,146","41,143","41,116","41,095","40,966","40,940","40,886","40,877","40,867","40,852","40,820","40,763","40,760","40,737","39,613","40,670"
Instagram Followers,"24,222",20,0.08%,192,0.80%,,,"2,384",9.89%,"24,202","24,171","24,107 ","24,030 ","23,941 ","23,920 ","23,869 ","23,844 ","23,827 ","23,789 ","23,743 ","23,676 ","23,576 ","23,475 ","23,461 ","23,443 ","23,435 ","23,399 ","23,362 ","23,333 ","23,283 ","23,233 ","23,214 ","23,194 ","23,165 ","23,110 ","23,079 ","23,041 ","23,031 ","22,975 ","22,931 ","22,858 ","22,797 ","22,762 ","22,715 ","22,656 ","22,583 ","22,536 ","22,480 ","22,436","22,403","22,331","22,304","22,257","22,223","22,184","22,063","22,035","22,023","21,917","21,917","21,864","21,820","21,810","21,795","21,745","21,723","21,692","21,670","21,632","21,617","21,601","21,565","21,523","21,515","21,515","21,483","21,447","21,431","21,394","21,317","21,315","21,301","21,269","21,269","21,231","21,190","21,163","21,133","21,114","21,093","21,070","21,042","21,015","20,914","20,899","20,883","20,851","20,801","20,775","20,773","20,744","20,730","20,727","20,710","20,698","20,677","20,611","20,575","20,581","20,573","20,156","20,116","20,106","20,062","19,944","19,922","19,864","19,831","19,796","19,796","19,774","19,746","19,743","19,741","19,730","19,678","19,624","19,609","19,594","19,591","19,514","19,449","19,365","19,358","19,308","19,280","19,244","19,112","19,082","19,035","18,958","18,917","18,909","18,886","18,807","18,719","18,676","18,583","18,539","18,530","18,480","18,452","18,339","18,298","18,269","18,251","18,168","18,124","18,004","18,002","17,949","17,928","17,909","17,891","17,899","17,845","17,819","17,807","17,779","17,764","17,757","17,732","17,624","17,566","17,541","17,517","17,493","17,469","17,543","17,400","17,369","17,318","17,279","17,232","17,172","17,149","17,116","17,025","16,997","16,940","16,912","16,886","16,876","16,856","16,817","16,737","16,717","16,701","16,696","16,655","16,639","16,635","16,559","16,517","16,467"
Twitter Followers,12090,1,0.01%,-35,-0.29%,,,-905,-7.46%,12089,"12,089","12,125 ","12,125 ","12,136 ","12,141 ","12,153 ","12,158 ","12,156 ","12,155 ","12,156 ","12,161 ","12,165 ","12,173 ","12,172 ","12,171 ","12,170 ","12,171 ","12,175 ","12,174 ","12,178 ","12,177 ","12,170 ","12,173 ","12,176 ","12,178 ","12,184 ","12,180 ","12,186 ","12,190 ","12,190 ","12,232 ","12,239 ","12,246 ","12,250 ","12,258 ","12,261 ","12,200 ","12,276 ","12,280","12,603","12,312","12,331","12,348","12,365","12,402","12,421","12,489","12,503","12,523","12,525","12,525","12,564","12,583","12,717","12,926","13,030","13,044","13,060","13,073","13,085","13,081","13,078","13,082","13,090","13,090","13,094","13,109","13,113","13,114","13,123","13,121","13,135","13,136","13,136","13,135","13,134","13,130","13,131","13,132","13,142","13,145","13,145","13,145","13,139","13,138","13,147","13,154","13,155","13,156","13,153","13,151","13,153","13,150","13,152","13,143","13,148","13,146","13,140","13,154","13,154","13,207","13,212","13,210","13,216","13,203","13,215","13,215","13,217","13,212","13,213","13,209","13,210","13,233","13,261","13,268","13,277","13,270","13,285","13,287","13,289","13,282","13,282","13,274","13,272","13,272","13,278","13,284","13,285","13,280","13,200","13,269","13,279","13,272","13,273","13,273","13,268","13,263","13,245","13,253","13,278","13,265","13,293","13,378","13,408","13,478","13,591","13,605","13,594","13,588","13,569","13,565","13,579","13,578","13,577","13,590","13,579","13,575","13,572","13,560","13,554","13,551","13,550","13,542","13,538","13,537","13,536","13,530","13,537","13,537","13,539","13,576","13,572","13,477","13,475","13,476","13,470","13,460","13,448","13,442","13,438","13,431","13,431","13,423","13,411","13,396","13,373","13,372","13,369","13,367","13,367","13,367","13,364","13,355","13,347","13,330"
YouTube Subscribers,13520,20,0.15%,20,0.15%,,,"1,300",9.63%,13500,"13,500","13,500 ","13,500 ","13,420 ","13,406 ","13,406 ","13,400 ","13,482 ","13,491 ","13,300 ","13,300 ","13,300 ","13,300 ","13,200 ","13,200 ","13,200 ","13,200 ","13,200 ","13,200 ","13,100 ","13,100 ","13,100 ","13,000 ","13,000 ","13,000 ","13,000 ","13,000 ","12,900 ","12,900 ","12,900 ","12,900 ","12,800 ","12,800 ","12,800 ","12,800 ","12,700 ","12,700 ","12,700 ","12,600","12,600","12,600","12,500","12,500","12,500","12,500","12,400","12,400","12,400","12,300","12,300","12,300","12,285","12,200","12,200","12,200","12,200","12,200","12,100","12,100","12,100","12,100","12,100","12,000","12,000","12,000","12,000","11,900","11,900","11,900","11,900","11,900","11,900","11,800","11,800","11,800","11,800","11,800","11,800","11,700","11,700",,,,,,,,,,"11,500",,,,,,,,,,,,,,,,,,,,,,,,,,,,"10,700",,,,,,,,,,,,,,,,,,,,,,,,,,,,,,,,,,,,,,,,,,,,,,,,,,,,,,,,,,,,,,,,,,,,,,,,,,,,,
,,,,, ,,,,,,,,,,,,,,,,,,,,,,,,,,,,,,,,,,,,,,,,,,,,,,,,,,,,,,,,,,,,,,,,,,,,,,,,,,,,,,,,,,,,,,,,,,,,,,,,,,,,,,,,,,,,,,,,,,,,,,,,,,,,,,,,,,,,,,,,,,,,,,,,,,,,,,,,,,,,,,,,,,,,,,,,,,,,,,,,,,,,,,,,,,,,,,,,,,,,,,,,
Pete Muller,,,,,,,,,,,,,,,,,,,,,,,,,,,,,,,,,,,,,,,,,,,,,,,,,,,,,,,,,,,,,,,,,,,,,,,,,,,,,,,,,,,,,,,,,,,,,,,,,,,,,,,,,,,,,,,,,,,,,,,,,,,,,,,,,,,,,,,,,,,,,,,,,,,,,,,,,,,,,,,,,,,,,,,,,,,,,,,,,,,,,,,,,,,,,,,,,,,,,,,,,,,,,
Spotify,,7-day growth,7-day change,28-day growth,28-day change,,,,,#,12/5/2025,11/26/2025,11/21/2025,11/14/2025,11/7/2025,10/31/2025,10/24/2025,10/17,10/10,10/3,9/26,9/19,9/12,9/5,8/29,8/22,8/15,8/8,8/1,7/25,7/18,7/11,7/2,6/27,6/20,6/13,6/6,5/30,5/23,5/16,5/9,5/2,4/25,4/17(Thurs),4/11,4/4,3/28,3/21,3/14,3/7,2/28,2/21,2/14,2/7,1/31,1/24,1/17,1/10,12/20,12/13,12/6,11/27,11/22,11/15,11/8,11/1,10/25,10/18,10/11,10/4,9/27,9/20,9/13,9/6,8/30,8/23,8/16,8/9,8/2,7/26,7/19,7/12,7/5,6/28,6/21,6/14,6/7,5/31,5/24,5/17,5/3,4/26,4/19,4/12,4/5,3/29,3/22,3/15,3/8,3/1,2/23,2/16,2/9,2/2,1/26,1/19,1/12,,,,,,,,,,,,,,,,,,,,,,,,,,,,,,,,,,,,,,,,,,,,,,,,,,,,,,,,,,,,,,,,,,,,,,,,,,,,,,,,,,,,,,,,,,,,,,,,,,
Spotify followers,"3,593",9,0.25%,42,1.18%,,,,,"3,584","3,580","3,562","3,551","3,498","3,496","3,491","3,487","3,484","3,483","3,483","3,476","3,477","3,473","3,471","3,469","3,469","3,469","3,471","3,465","3,465","3,465","3,462","3,475","3,472","3,473","3,470","3,467","3,463","3,458","3,457","3,456","3,458","3,452","3,445","3,444","3,439","3,440","3,437","3,436","3,435","3,428","3,428","3,406","3,404","3,402","3,398","3,396","3,395","3,385","3,384","3,381","3,380","3,378","3,375","3,369","3,365","3,358","3,354","3,352","3,348","3,344","3,344","3,338","3,335","3,334","3,335","3,358","3,352","3,353","3,353","3,348","3,342","3,340","3,322","3,269","3,210","3,171","3,162","3,151","3,145","3,115","3,111","3,107","3,103","3,097","3,094","3,076","3,076","3,075","3,075","3,077","3,077","3,079","3,079","3,076","3,077","3,074",,,,,,,,,,,,,,,,,,,,,,,,,,,,,,,,,,,,,,,,,,,,,,,,,,,,,,,,,,,,,,,,,,,,,,,,,,,,,,,,,,,,,,,,,,,,,,,,,,
Spotify monthly listeners,"23,170","-3,451",-12.96%,"-1,146",-4.71%,,,,,"26,621","25,715","25,307","24,316","21,768","22,528","23,745","23,789","25,343","26,797","28,174","28,743","28,043","25,175","23,175","19,238","17,787","14,464","14,306","14,818","14,594","14,023","12,977","12,878","13,038","13,570","14,598","15,265","16,518","16,168","16,836","16,714","16,381","17,054","18,383","18,983","19,133","19,905","18,904","20,146","20,170","20,333","20,257","19,320","18,719","21,397","20,933","19,914","19,399","18,474","16,642","17,334","18,743","19,152","20,084","22,162","26,979","30,751","35,403","35,784","34,344","31,972","27,094","25,260","24,334","24,725","26,080","28,752","31,925","37,875","37,875","40,138","41,365","43,866","51,721","60,858","68,355","78,772","95,697","85,412","81,948","36,480","39,603","37,329","31,070","22,418","12,282","6,098","6,969","8,898","11,426","12,525","11,296","9,148","6,660","2,717","1,636","1,486",,,,,,,,,,,,,,,,,,,,,,,,,,,,,,,,,,,,,,,,,,,,,,,,,,,,,,,,,,,,,,,,,,,,,,,,,,,,,,,,,,,,,,,,,,,,,,,,,,
,, , , , ,,Listeners,Saves,Save %,,,,,,,,,,,,,,,,,,,,,,,,,,,,,,,,,,,,,,,,,,,,,,,,,,,,,,,,,,,,,,,,,,,,,,,,,,,,,,,,,,,,,,,,,,,,,,,,,,,,,,,,,,,,,,,,,,,,,,,,,,,,,,,,,,,,,,,,,,,,,,,,,,,,,,,,,,,,,,,,,,,,,,,,,,,,,,,,,,,,,,,,,,,,,,,,,,,,
One Last Dance,"23,442","3,098",15.23%,"15,630",200.08%,,"12,041",778,6.46%,"20,344","16,874","11,362",7812,new,,,,,,,,,,,,,,,,,,,,,,,,,,,,,,,,,,,,,,,,,,,,,,,,,,,,,,,,,,,,,,,,,,,,,,,,,,,,,,,,,,,,,,,,,,,,,,,,,,,,,,,,,,,,,,,,,,,,,,,,,,,,,,,,,,,,,,,,,,,,,,,,,,,,,,,,,,,,,,,,,,,,,,,,,,,,,,,,,,,,,,,,,,,,,,,
Fire Child,"19,260",410,2.18%,"2,839",17.29%,,"11,962",307,2.57%,"18,850","18,184","17,091","16,421","14,383","12,260","9,808","5,899","1,388",,,,,,,,,,,,,,,,,,,,,,,,,,,,,,,,,,,,,,,,,,,,,,,,,,,,,,,,,,,,,,,,,,,,,,,,,,,,,,,,,,,,,,,,,,,,,,,,,,,,,,,,,,,,,,,,,,,,,,,,,,,,,,,,,,,,,,,,,,,,,,,,,,,,,,,,,,,,,,,,,,,,,,,,,,,,,,,,,,,,,,,,,,,
New York in the Rain,"34,322",414,1.22%,"2,911",9.27%,,"21,060",323,1.53%,"33,908","33,191","32,063","31,411","30,612","29,806","27,840","24,921","21,208","18,254","12,885","8,002","2,951",56,,,,,,,,,,,,,,,,,,,,,,,,,,,,,,,,,,,,,,,,,,,,,,,,,,,,,,,,,,,,,,,,,,,,,,,,,,,,,,,,,,,,,,,,,,,,,,,,,,,,,,,,,,,,,,,,,,,,,,,,,,,,,,,,,,,,,,,,,,,,,,,,,,,,,,,,,,,,,,,,,,,,,,,,,,,,,,,,,,,,,,
Dream Small,"40,663",201,0.50%,"1,285",3.26%,,"25,750",315,1.22%,"40,462","40,162","39,619","39,378","39,111","39,016","38,898","38,777","38,385","37,961","37,234","35,148","31,899","26,959","19,895","12,056","9,065","2,485",,,,,,,,,,,,,,,,,,,,,,,,,,,,,,,,,,,,,,,,,,,,,,,,,,,,,,,,,,,,,,,,,,,,,,,,,,,,,,,,,,,,,,,,,,,,,,,,,,,,,,,,,,,,,,,,,,,,,,,,,,,,,,,,,,,,,,,,,,,,,,,,,,,,,,,,,,,,,,,,,,,,,,,,,,,,,,,,,,
,, ,,,,,,,,,,,,,,,,,,,,,,,,,,,,,,,,,,,,, ,,,,,,,,,,,,,,,,,,,,,,,,,,,,,,,,,,,,,,,,,,,,,,,,,,,,,,,,,,,,,,,,,,,,,,,,,,,,,,,,,,,,,,,,,,,,,,,,,,,,,,,,,,,,,,,,,,,,,,,,,,,,,,,,,,,,,,,,,,,,,,,,,,,,,,,,,,,,,,,,,,,,,,
,, ,,,,,,,,,,,,,,,,,,,,,,,,,,,,,,,,,,,,,,,,,,,,,,,,,,,,,,,,,,,,,,,,,,,,,,,,,,,,,,,,,,,,,,,,,,,,,,,,,,,,,,,,,,,,,,,,,,,,,,,,,,,,,,,,,,,,,,,,,,,,,,,,,,,,,,,,,,,,,,,,,,,,,,,,,,,,,,,,,,,,,,,,,,,,,,,,,,,,,,,,,,,
YouTube,, ,,,,,Release Date ,,,,,,,,,,,,,,,,,,,,,,,,,,,,,,,,,,,,,,,,,,,,,,,,,,,,,,,,,,,,,,,,,,,,,,,,,,,,,,,,,,,,,,,,,,,,,,,,,,,,,,,,,,,,,,,,,,,,,,,,,,,,,,,,,,,,,,,,,,,,,,,,,,,,,,,,,,,,,,,,,,,,,,,,,,,,,,,,,,,,,,,,,,,,,,,,,,,,,,
One Last Dance,"60,938",58,0.10%,"30,144",97.89%,,11/14/25,,,"60,880","60,782","49,728","30,794",212,,,,,,,,,,,,,,,,,,,,,,,,,,,,,,,,,,,,,,,,,,,,,,,,,,,,,,,,,,,,,,,,,,,,,,,,,,,,,,,,,,,,,,,,,,,,,,,,,,,,,,,,,,,,,,,,,,,,,,,,,,,,,,,,,,,,,,,,,,,,,,,,,,,,,,,,,,,,,,,,,,,,,,,,,,,,,,,,,,,,,,,,,,,,,,,
Fire Child,"2,114",14,0.67%,53,2.57%,,10/10/25,,,"2,100","2,089","2,071","2,061","2,039","2,020","1,893","1,376",808,21,,,,,,,,,,,,,,,,,,,,,,,,,,,,,,,,,,,,,,,,,,,,,,,,,,,,,,,,,,,,,,,,,,,,,,,,,,,,,,,,,,,,,,,,,,,,,,,,,,,,,,,,,,,,,,,,,,,,,,,,,,,,,,,,,,,,,,,,,,,,,,,,,,,,,,,,,,,,,,,,,,,,,,,,,,,,,,,,,,,,,,,,,,
Dream Small,"7,392",9,0.12%,43,0.59%,,8/8/25,,,"7,383","7,372","7,360","7,349","7,306","7,258","7,222","7,193","7,150","7,107","7,079",,,,,,,,,,,,,,,,,,,,,,,,,,,,,,,,,,,,,,,,,,,,,,,,,,,,,,,,,,,,,,,,,,,,,,,,,,,,,,,,,,,,,,,,,,,,,,,,,,,,,,,,,,,,,,,,,,,,,,,,,,,,,,,,,,,,,,,,,,,,,,,,,,,,,,,,,,,,,,,,,,,,,,,,,,,,,,,,,,,,,,,,,
New York In the Rain,"12,621",19,0.15%,76,0.61%,,9/9/25,,,"12,602","12,591","12,561","12,545","12,487","12,462","12,392","12,348","12,290","12,234","12,137",,,,,,,,,,,,,,,,,,,,,,,,,,,,,,,,,,,,,,,,,,,,,,,,,,,,,,,,,,,,,,,,,,,,,,,,,,,,,,,,,,,,,,,,,,,,,,,,,,,,,,,,,,,,,,,,,,,,,,,,,,,,,,,,,,,,,,,,,,,,,,,,,,,,,,,,,,,,,,,,,,,,,,,,,,,,,,,,,,,,,,,,,
,, , , , ,,,,,,,,,,,,,,,,,,,,,,,,,,,,,,,,,,,,,,,,,,,,,,,,,,,,,,,,,,,,,,,,,,,,,,,,,,,,,,,,,,,,,,,,,,,,,,,,,,,,,,,,,,,,,,,,,,,,,,,,,,,,,,,,,,,,,,,,,,,,,,,,,,,,,,,,,,,,,,,,,,,,,,,,,,,,,,,,,,,,,,,,,,,,,,,,,,,,,,,,
,, , , , ,,,,,,,,,,,,,,,,,,,,,,,,,,,,,,,,,,,,,,,,,,,,,,,,,,,,,,,,,,,,,,,,,,,,,,,,,,,,,,,,,,,,,,,,,,,,,,,,,,,,,,,,,,,,,,,,,,,,,,,,,,,,,,,,,,,,,,,,,,,,,,,,,,,,,,,,,,,,,,,,,,,,,,,,,,,,,,,,,,,,,,,,,,,,,,,,,,,,,,,,
Socials,, , , , ,,,,,,,,,,,,,,,,,,,,,,,,,,,,,,,,,,,,,,,,,,,,,,,,,,,,,,,,,,,,,,,,,,,,,,,,,,,,,,,,,,,,,,,,,,,,,,,,,,,,,,,,,,,,,,,,,,,,,,,,,,,,,,,,,,,,,,,,,,,,,,,,,,,,,,,,,,,,,,,,,,,,,,,,,,,,,,,,,,,,,,,,,,,,,,,,,,,,,,,,
Facebook Followers,"57,532",-19,-0.03%,-73,-0.13%,,,,,"57,551","57,570","57,622","57,605","57,635","57,655","57,670","57,684","57,705","57,720","57,729","57,741","57,767","57,787","57,798","57,810","57,826","57,849","57,866","57,878","57,888","57,902","57,916","57,940","57,944","57,961","57,980","58,005","58,016","58,049","58,084","58,132","58,174","58,215","58,246","58,269","58,286","58,306","58,334","58,359","58,830","58,423","58,454","58,501","58,525","58,555","58,599","58,623","58,600","58,798","58,823","58,868","58,664","58,691","58,710","58,732","58,768","58,785","58,811","58,837","58,874","58,899","58,925","58,957","59,000","59,034","59,057","59,089","59,126","59,185","59,185","59,222","59,258","59,275","59,290","59,604","59,604","59,429","59,464","59,506","59,525","59,551","59,580","59,596","59,599","59,616","59,633","59,646","59,674","59,687","59,699","59,715","59,739","59,751","59,779","59,797","59,821","59,834",,,,,,,,,,,,,,,,,,,,,,,,,,,,,,,,,,,,,,,,,,,,,,,,,,,,,,,,,,,,,,,,,,,,,,,,,,,,,,,,,,,,,,,,,,,,,,,,,,
Instagram Followers,"10,103",3,0.03%,22,0.22%,,,,,"10,100","10,101","10,105","10,081","10,078","10,074","10,074","10,077","10,067","10,061","10,060","10,053","9,972","9,715","9,535","9,500","9,479","9,488","9,494","9,487","9,480","9,488","9,428","9,388","9,317","9,262","9,233","9,233","9,225","9,192","9,187","9,185","9,179","9,100","9,060","8,909","8,909","8,727","8,505","8,319","8,086","7,825","7,806","7,803","7,786","7,773","7,758","7,715","7,715","7,670","7,599","7,579","7,575","7,567","7,518","7,532","7,528","7,526","7,501","7,478","7,432","7,421","7,421","7,407","7,365","7,364","7,376","7,277","7,266","7,251","7,251","7,253","7,256","7,251","7,250","7,249","7,220","7,181","7,168","7,153","7,147","7,112","7,091","7,080","7,078","7,063","7,055","7,036","7,038","7,020","7,012","7,003","6,949","6,944","6,916","6,910","6,903","6,897",,,,,,,,,,,,,,,,,,,,,,,,,,,,,,,,,,,,,,,,,,,,,,,,,,,,,,,,,,,,,,,,,,,,,,,,,,,,,,,,,,,,,,,,,,,,,,,,,,
YouTube Subscribers,"8,970",30,0.34%,370,4.30%,,,,,"8,940","8,780","8,605","8,600","8,600","8,600","8,590","8,450","8,310","8,240","8,250","8,250","8,160","7,920","7,610","7,320","7,230","7,240","7,240","7,240","7,240","7,240","7,240","7,240","7,240","7,240","7,240","7,240","7,250","7,250","7,250","7,250","7,250","7,250","7,250","7,250","7,260","7,260","7,260","7,260","7,260","7,260","7,250","7,250","7,250","7,260","7,260","7,250","7,250","7,250","6,980","6,970","6,900","6,880","6,880","6,880","6,860","6,820","6,550","6,390","6,280","6,230","6,230","6,230","6,230","6,220","6,220","6,220","6,230","6,220","6,220","6,220","6,220","6,220","6,220","6,220","6,220","6,210","6,210","6,210","6,210",,,,,,,,,,,,,,,,,,,,,,,,,,,,,,,,,,,,,,,,,,,,,,,,,,,,,,,,,,,,,,,,,,,,,,,,,,,,,,,,,,,,,,,,,,,,,,,,,,,,,,,,,,,,,,,,,,,
,,,,,,,,,,,,,,,,,,,,,,,,,,,,,,,,,,,,,,,,,,,,,,,,,,,,,,,,,,,,,,,,,,,,,,,,,,,,,,,,,,,,,,,,,,,,,,,,,,,,,,,,,,,,,,,,,,,,,,,,,,,,,,,,,,,,,,,,,,,,,,,,,,,,,,,,,,,,,,,,,,,,,,,,,,,,,,,,,,,,,,,,,,,,,,,,,,,,,,,,,,,,,
,, , , , ,,,,,,,,,,,,,,,,,,,,,,,,,,,,,,,,,,,,,,,,,,,,,,,,,,,,,,,,,,,,,,,,,,,,,,,,,,,,,,,,,,,,,,,,,,,,,,,,,,,,,,,,,,,,,,,,,,,,,,,,,,,,,,,,,,,,,,,,,,,,,,,,,,,,,,,,,,,,,,,,,,,,,,,,,,,,,,,,,,,,,,,,,,,,,,,,,,,,,,,,
Rhino Records,,,,,,,,,,,,,,,,,,,,,,,,,,,,,,,,,,,,,,,,,,,,,,,,,,,,,,,,,,,,,,,,,,,,,,,,,,,,,,,,,,,,,,,,,,,,,,,,,,,,,,,,,,,,,,,,,,,,,,,,,,,,,,,,,,,,,,,,,,,,,,,,,,,,,,,,,,,,,,,,,,,,,,,,,,,,,,,,,,,,,,,,,,,,,,,,,,,,,,,,,,,,,
Socials,,7-day growth,7-day change,28-day growth,28-day change,,2-month growth,2-month change,Channel,#,12/5/2025,11/26/2025,11/21/2025,11/14/2025,11/7/2025,10/31/2025,10/24/2025,10/17,10/10,10/3,9/26,9/19,9/12,9/5,8/29,8/22,8/15,8/8,8/1,7/25,7/18,7/11,7/2,6/27,6/20,6/13,6/6,5/30,,,,,,,,,,,,,,,,,,,,,,,,,,,,,,,,,,,,,,,,,,,,,,,,,,,,,,,,,,,,,,,,,,,,,,,,,,,,,,,,,,,,,,,,,,,,,,,,,,,,,,,,,,,,,,,,,,,,,,,,,,,,,,,,,,,,,,,,,,,,,,,,,,,,,,,,,,,,,,,,,,,,,,,
Instagram Followers,"111,285",215,0.19%,986,0.89%,,"2,317",2.14%,Instagram Followers,"111,070","110,881","  110,472 ","  110,299 ","  110,206 ","  110,053 ","  109,887 ","  109,621 ","  109,420 ","  109,187 ","  109,040 ","  108,775 ","  108,578 ","  108,432 ","  108,155 ","  108,043 ","  107,998 ","  107,695 ","  107,520 ","  107,395 ","  107,212 ","  106,616 ","  106,404 ","  106,158 ","  106,063 ","  105,953 ","  105,832 ","  105,589 ","105,349 ",,,,,,,,,,,,,,,,,,,,,,,,,,,,,,,,,,,,,,,,,,,,,,,,,,,,,,,,,,,,,,,,,,,,,,,,,,,,,,,,,,,,,,,,,,,,,,,,,,,,,,,,,,,,,,,,,,,,,,,,,,,,,,,,,,,,,,,,,,,,,,,,,,,,,,,,,,,,,,,,,,,,,,,
Facebook Followers,"331,681",21,0.01%,175,0.05%,,"1,365",0.41%,Facebook Followers,"331,660","331,580","  331,414 ","  331,506 ","  331,167 ","  330,871 ","  330,731 ","  330,652 ","  330,721 ","  330,626 ","  330,508 ","  330,325 ","  330,204 ","  330,119 ","  330,049 ","  330,036 ","  330,013 ","  329,653 ","  329,325 ","  329,031 ","  328,809 ","  328,673 ","  328,515 ","  328,498 ","  328,369 ","  328,468 ","  328,380 ","  328,396 ","328,427 ",,,,,,,,,,,,,,,,,,,,,,,,,,,,,,,,,,,,,,,,,,,,,,,,,,,,,,,,,,,,,,,,,,,,,,,,,,,,,,,,,,,,,,,,,,,,,,,,,,,,,,,,,,,,,,,,,,,,,,,,,,,,,,,,,,,,,,,,,,,,,,,,,,,,,,,,,,,,,,,,,,,,,,,
Twitter Followers,"122,562",2,0.00%,-334,-0.27%,,-283,-0.23%,Twitter Followers,"122,560","122,544","  122,895 ","  122,896 ","  123,027 ","  122,978 ","  123,067 ","  123,161 ","  123,176 ","  123,171 ","  123,189 ","  123,173 ","  123,198 ","  123,182 ","  123,178 ","  123,161 ","  123,149 ","  123,118 ","  123,095 ","  123,063 ","  123,019 ","  122,846 ","  122,835 ","  122,850 ","  122,867 ","  122,862 ","  122,848 ","  122,833 ","122,803 ",,,,,,,,,,,,,,,,,,,,,,,,,,,,,,,,,,,,,,,,,,,,,,,,,,,,,,,,,,,,,,,,,,,,,,,,,,,,,,,,,,,,,,,,,,,,,,,,,,,,,,,,,,,,,,,,,,,,,,,,,,,,,,,,,,,,,,,,,,,,,,,,,,,,,,,,,,,,,,,,,,,,,,,
TikTok Followers,"17,500",0,0.00%,111,0.64%,,200,1.16%,TikTok Followers,"17,500","17,458","  17,400 ","  17,389 ","  17,365 ","  17,332 ","  17,254 ","  17,259 ","  17,264 ","  17,263 ","  17,300 ","  17,233 ","  17,200 ","  17,200 ","  17,200 ","  17,200 ","  17,200 ","  17,100 ","  17,100 ","  17,100 ","  17,000 ","  17,000 ","  17,000 ","  17,000 ","  16,900 ","  16,900 ","  16,900 ","  16,800 ","16,800 ",,,,,,,,,,,,,,,,,,,,,,,,,,,,,,,,,,,,,,,,,,,,,,,,,,,,,,,,,,,,,,,,,,,,,,,,,,,,,,,,,,,,,,,,,,,,,,,,,,,,,,,,,,,,,,,,,,,,,,,,,,,,,,,,,,,,,,,,,,,,,,,,,,,,,,,,,,,,,,,,,,,,,,,
TikTok Likes,"509,700",100,0.02%,700,0.14%,,"1,600",0.32%,Tiktok Likes,"509,600","509,300","  509,200 ","  509,000 ","  508,800 ","  508,700 ","  508,500 ","  508,400 ","  508,400 ","  508,300 ","  508,200 ","  508,173 ","  508,100 ","  508,000 ","  507,600 ","  507,500 ","  507,500 ","  506,900 ","  506,400 ","  506,100 ","  505,400 ","  505,000 ","  504,900 ","  504,700 ","  504,200 ","  503,900 ","  503,800 ","  502,800 ","502,700 ",,,,,,,,,,,,,,,,,,,,,,,,,,,,,,,,,,,,,,,,,,,,,,,,,,,,,,,,,,,,,,,,,,,,,,,,,,,,,,,,,,,,,,,,,,,,,,,,,,,,,,,,,,,,,,,,,,,,,,,,,,,,,,,,,,,,,,,,,,,,,,,,,,,,,,,,,,,,,,,,,,,,,,,
Youtube Subscribers,"8,328,316",15,0.00%,"20,837",0.25%,,"210,000",2.60%,Youtube Subscribers,"8,328,301","8,327,697","  8,300,000 ","  8,307,479 ","  8,286,663 ","  8,268,677 ","  8,247,166 ","  8,230,000 ","  8,210,101 ","  8,190,000 ","  8,170,560 ","  8,151,201 ","  8,130,000 ","  8,110,000 ","  8,090,000 ","  8,070,000 ","  8,060,000 ","  8,030,000 ","  8,010,000 ","  7,980,000 ","  7,960,000 ","  7,940,000 ","  7,920,000 ","  7,890,000 ","  7,880,000 ","  7,850,000 ","  7,830,000 ","  7,810,000 ","7,800,000 ",,,,,,,,,,,,,,,,,,,,,,,,,,,,,,,,,,,,,,,,,,,,,,,,,,,,,,,,,,,,,,,,,,,,,,,,,,,,,,,,,,,,,,,,,,,,,,,,,,,,,,,,,,,,,,,,,,,,,,,,,,,,,,,,,,,,,,,,,,,,,,,,,,,,,,,,,,,,,,,,,,,,,,,
,,,,, ,,,,,,,,,,,,,,,,,,,,,,,,,,,,,,,,,,,,,,,,,,,,,,,,,,,,,,,,,,,,,,,,,,,,,,,,,,,,,,,,,,,,,,,,,,,,,,,,,,,,,,,,,,,,,,,,,,,,,,,,,,,,,,,,,,,,,,,,,,,,,,,,,,,,,,,,,,,,,,,,,,,,,,,,,,,,,,,,,,,,,,,,,,,,,,,,,,,,,,,,
Waxed,,,,, ,,,,,,,,,,,,,,, ,,,,,, ,,,,,,,,,, ,,,,,,,,,, ,,,,,,,,,, ,,,,,,,,,, ,,,,,,,,,, ,,,,,,,,,, ,,,,,,,,,, ,,,,,,,,,, ,,,,,,,,,, ,,,,,,,,,, ,,,,,,,,,,,,,,,,,,,,,,,,,,,,,,,,,,,,,,,,,,,,,,,,,,,,,,,,,,,,,,,,,,,,,,,,,,,,,,,
Spotify,,7-day growth,7-day change,28-day growth,28-day change,,,,,#,12/5/2025,11/26/2025,11/21/2025,11/14/2025,11/7/2025,10/31,10/24,10/17,10/10,10/3,9/26,9/19,9/12,9/5,8/29,8/22,8/15,8/8,8/1,7/25,7/18,7/11,7/2,6/27,6/20,6/13,6/6,5/30,5/23,5/16,5/9,5/2,4/25,,,,,,,,,,,,,,,,,,,,,,,,,,,,,,,,,,,,,,,,,,,,,,,,,,,,,,,,,,,,,,,,,,,,,,,,,,,,,,,,,,,,,,,,,,,,,,,,,,,,,,,,,,,,,,,,,,,,,,,,,,,,,,,,,,,,,,,,,,,,,,,,,,,,,,,,,,,,,,,,,,
Spotify followers,917,3,0.33%,5,0.55%,,,,,914,911,912 ,912 ,908 ,109 ,978 ,978 ,978 ,975 ,900 ,897 ,895 ,891 ,881 ,868 ,862 ,847 ,836 ,824 ,822 ,814 ,810 ,809 ,800 ,788 ,786 ,777 ,772 ,763 ,757 ,642 ,638 ,631 ,,,,,,,,,,,,,,,,,,,,,,,,,,,,,,,,,,,,,,,,,,,,,,,,,,,,,,,,,,,,,,,,,,,,,,,,,,,,,,,,,,,,,,,,,,,,,,,,,,,,,,,,,,,,,,,,,,,,,,,,,,,,,,,,,,,,,,,,,,,,,,,,,,,,,,,,,,,,,,,,,,
Spotify monthly listeners,367,4,1.10%,-137,-27.18%,,,,,363,386,504 ,504 ,"25,710 ","1,436 ","2,619 ","3,334 ","4,037 ","4,017 ","3,639 ","3,618 ","3,576 ","3,795 ","3,845 ","4,044 ","4,138 ","4,277 ","4,402 ","4,646 ","4,830 ","5,223 ","5,441 ","5,186 ","4,601 ","3,572 ","2,626 ","2,131 ","2,537 ","4,261 ","6,009 ","5,409 ","4,792 ","3,298 ",,,,,,,,,,,,,,,,,,,,,,,,,,,,,,,,,,,,,,,,,,,,,,,,,,,,,,,,,,,,,,,,,,,,,,,,,,,,,,,,,,,,,,,,,,,,,,,,,,,,,,,,,,,,,,,,,,,,,,,,,,,,,,,,,,,,,,,,,,,,,,,,,,,,,,,,,,,,,,,,,,
,, , , , ,,Listeners,Saves,Save %,,,,,,,,,,,,,,,,,,,,,,,,,,,,,,,,,,,,,,,,,,,,,,,,,,,,,,,,,,,,,,,,,,,,,,,,,,,,,,,,,,,,,,,,,,,,,,,,,,,,,,,,,,,,,,,,,,,,,,,,,,,,,,,,,,,,,,,,,,,,,,,,,,,,,,,,,,,,,,,,,,,,,,,,,,,,,,,,,,,,,,,,,,,,,,,,,,,,
Christ for One Day,"1,808",21,1.18%,60,3.43%,,  501 ,55,10.98%,"1,787","1,776","1,748 ","1,748 ","1,729 ","1,707 ","1,683 ","1,669 ","1,622 ","1,592 ","1,487 ","1,410 ","1,320 ","1,229 ","1,095 ",807 ,683 ,273 ,,,,,,,,,,,,,,,,,,,,,,,,,,,,,,,,,,,,,,,,,,,,,,,,,,,,,,,,,,,,,,,,,,,,,,,,,,,,,,,,,,,,,,,,,,,,,,,,,,,,,,,,,,,,,,,,,,,,,,,,,,,,,,,,,,,,,,,,,,,,,,,,,,,,,,,,,,,,,,,,,,,,,,,,,,,,,,,,,,
Big Blind,"36,219",126,0.35%,366,1.02%,,"  22,611 ",1162,5.14%,"36,093","36,016","35,853 ","35,853 ","35,744 ","35,632 ","35,499 ","35,356 ","34,905 ","33,919 ","32,588 ","31,365 ","30,341 ","29,085 ","28,137 ","26,847 ","26,352 ","24,795 ","23,297 ","21,764 ","20,674 ","19,375 ","17,916 ","15,694 ","14,592 ","12,766 ","10,844 ","9,451 ","9,024 ","8,550 ","7,796 ","6,804 ","5,748 ","3,697 ",,,,,,,,,,,,,,,,,,,,,,,,,,,,,,,,,,,,,,,,,,,,,,,,,,,,,,,,,,,,,,,,,,,,,,,,,,,,,,,,,,,,,,,,,,,,,,,,,,,,,,,,,,,,,,,,,,,,,,,,,,,,,,,,,,,,,,,,,,,,,,,,,,,,,,,,,,,,,,,,,,
,, , , , ,,,,,,,,,,,,,,,,,,,,,,,,,,,,,,,,,,,,,,,,,,,,,,,,,,,,,,,,,,,,,,,,,,,,,,,,,,,,,,,,,,,,,,,,,,,,,,,,,,,,,,,,,,,,,,,,,,,,,,,,,,,,,,,,,,,,,,,,,,,,,,,,,,,,,,,,,,,,,,,,,,,,,,,,,,,,,,,,,,,,,,,,,,,,,,,,,,,,,,,,
Facebook Followers,565,-1,-0.18%,-1,-0.18%,,,,,566,565,566 ,566 ,566 ,566 ,566 ,566 ,566 ,566 ,566 ,546 ,566 ,566 ,563 ,562 ,559 ,560 ,559 ,560 ,540 ,541 ,541 ,563 ,563 ,563 ,565 ,565 ,565 ,563 ,563 ,562 ,562 ,563 ,,,,,,,,,,,,,,,,,,,,,,,,,,,,,,,,,,,,,,,,,,,,,,,,,,,,,,,,,,,,,,,,,,,,,,,,,,,,,,,,,,,,,,,,,,,,,,,,,,,,,,,,,,,,,,,,,,,,,,,,,,,,,,,,,,,,,,,,,,,,,,,,,,,,,,,,,,,,,,,,,,
Instagram Followers,"4,123",13,0.32%,14,0.34%,,,,,"4,110","4,110","4,109 ","4,109 ","4,104 ","4,099 ","4,099 ","4,094 ","4,090 ","4,093 ","4,088 ","4,096 ","4,093 ","4,089 ","4,058 ","4,047 ","3,996 ","3,991 ","3,956 ","3,928 ","3,930 ","3,923 ","3,910 ","3,911 ","3,910 ","3,913 ","3,908 ","3,909 ","3,906 ","3,895 ","3,881 ","3,269 ","3,262 ","3,249 ",,,,,,,,,,,,,,,,,,,,,,,,,,,,,,,,,,,,,,,,,,,,,,,,,,,,,,,,,,,,,,,,,,,,,,,,,,,,,,,,,,,,,,,,,,,,,,,,,,,,,,,,,,,,,,,,,,,,,,,,,,,,,,,,,,,,,,,,,,,,,,,,,,,,,,,,,,,,,,,,,,
,,,,,,,,,,,,,,,,,,,,,,,,,,,,,,,,,,,,,,,,,,,,,,,,,,,,,,,,,,,,,,,,,,,,,,,,,,,,,,,,,,,,,,,,,,,,,,,,,,,,,,,,,,,,,,,,,,,,,,,,,,,,,,,,,,,,,,,,,,,,,,,,,,,,,,,,,,,,,,,,,,,,,,,,,,,,,,,,,,,,,,,,,,,,,,,,,,,,,,,,,,,,,
White Eagle Hall,,,,,,,,,,,,,,,,,,,,,,,,,,,,,,,,,,,,,,,,,,,,,,,,,,,,,,,,,,,,,,,,,,,,,,,,,,,,,,,,,,,,,,,,,,,,,,,,,,,,,,,,,,,,,,,,,,,,,,,,,,,,,,,,,,,,,,,,,,,,,,,,,,,,,,,,,,,,,,,,,,,,,,,,,,,,,,,,,,,,,,,,,,,,,,,,,,,,,,,,,,,,,
Socials,,7-day growth,7-day change,28-day growth,28-day change,,Notes,,,#,12/5/2025,11/26/2025,11/21/2025,11/14/2025,11/7/2025,10/31,10/24,10/17,10/10,10/3,9/26,9/19,9/12,9/5,8/29,8/22,8/15,8/8,8/1,7/25,7/18,7/11,7/2,6/27,6/20,6/13,6/6,5/30,5/23,5/16,5/9,5/2,4/25,4/17(Thurs),4/11,4/4,3/28,3/21,3/14,3/7,2/28,2/21,2/14,2/7,1/31,1/24,1/17,1/10,12/20,12/13,12/6,11/27,11/22,11/15,11/8,11/1,10/25,10/18,10/11,10/4,9/27,9/20,9/13,9/6,8/30,8/23,8/16,8/9,8/2,7/26,7/19,7/12,7/5,6/28,6/21,6/14,6/7,5/31,5/24,,,,,,,,,,,,,,,,,,,,,,,,,,,,,,,,,,,,,,,,,,,,,,,,,,,,,,,,,,,,,,,,,,,,,,,,,,,,,,,,,,,,,,,,,,,,,,,,,,,,,,,,,,,,,,,,,,,,
Facebook Followers,12859,7,0.05%,30,0.23%,,,,,12852,"12,839","12,837","12,829","12,818","12,810","12,791","12,790","12,784","12,770","12,756","12,750","12,750","12,743","12,716","12,710","12,707","12,698","12,696","12,687","12,691","12,685","12,684","12,686","12,669","12,666","12,637","12,627","12,629","12,601","12,601","12,601","12,595","12,582","12,569","12,554","12,541","12,510","12,510","12,486","12,000","12,451","12,438","12,429","12,412","12,389","12,323","12,320","12,372","12,283","12,275","12,268","12,265","12,257","12,236","12,228","12,215","12,192","12,181","12,154","12,129","12,113","12,094","12,086","12,046","12,037","12,020","12,003","11,987","11,980","11,984","11,984","11,981","11,000","11,000","11,000","11,000","10,561","10,542","10,530",,,,,,,,,,,,,,,,,,,,,,,,,,,,,,,,,,,,,,,,,,,,,,,,,,,,,,,,,,,,,,,,,,,,,,,,,,,,,,,,,,,,,,,,,,,,,,,,,,,,,,,,,,,,,,,,,,,,
Instagram Followers,20046,23,0.11%,147,0.74%,,,,,20023,"19,959","19,922","19,899","19,837","19,793","19,742","19,710","19,662","19,622","19,537","19,447","19,387","19,369","19,323","19,282","19,269","19,224","19,191","19,166","19,142","19,082","19,038","19,015","18,980","18,937","18,843","18,784","18,759","18,694","18,607","18,561","18,507","18,448","18,397","18,344","18,267","18,200","18,155","18,114","18,078","17,945","17,905","17,883","17,837","17,803","17,767","17,771","17,749","17,688","17,674","17,657","17,606","17,586","17,559","17,500","17,459","17,404","17,370","17,324","17,261","17,220","17,136","17,087","16,981","16,953","16,936","16,881","16,865","16,852","16,850","16,814","16,811","16,768","16,768","16,765","16,707","16,707","16,684","16,645",,,,,,,,,,,,,,,,,,,,,,,,,,,,,,,,,,,,,,,,,,,,,,,,,,,,,,,,,,,,,,,,,,,,,,,,,,,,,,,,,,,,,,,,,,,,,,,,,,,,,,,,,,,,,,,,,,,,
Twitter Followers,1516,-4,-0.26%,-4,-0.26%,,,,,1520,"1,518","1,520","1,520","1,520","1,521","1,521","1,522","1,518","1,517","1,516","1,515","1,515","1,515","1,511","1,509","1,507","1,507","1,510","1,508","1,508","1,506","1,507","1,507","1,507","1,502","1,503","1,503","1,505","1,506","1,502","1,508","1,508","1,505","1,505","1,507","1,508","1,514","1,514","1,519","1,528","1,528","1,527","1,528","1,530","1,533","1,533","1,544","1,544","1,535","1,537","1,537","1,598","1,602","1,621","1,645","1,653","1,657","1,661","1,669","1,672","1,668","1,662","1,652","1,642","1,631","1,627","1,614","1,611","1,608","1,616","1,612","1,618","1,619","1,619","1,615","1,605","1,607","1,607","1,609",,,,,,,,,,,,,,,,,,,,,,,,,,,,,,,,,,,,,,,,,,,,,,,,,,,,,,,,,,,,,,,,,,,,,,,,,,,,,,,,,,,,,,,,,,,,,,,,,,,,,,,,,,,,,,,,,,,,
Threads Followers,4060,0,0.00%,6,0.15%,,,,,4060,"4,054","4,057","4,054","4,056","4,055","4,048","4,043","4,047","4,043","4,034","4,032","4,030","4,025","4,016","4,001","3,994","3,989","3,986","3,975","3,959","3,944","3,939","3,927","3,922","3,919","3,919","3,913","3,909","3,911","3,902","3,895","3,886","3,885","3,884","3,877","3,873","3,865","3,858","3,846","3,843","3,850","3,850","3,851","3,855","3,873","3,884","3,895","3,901","3,905","3,904","3,901","3,897","3,857","3,830","3,801","3,782","3,745","3,478","3,469",,,,,,,,,,,,,,,,,,,,,,,,,,,,,,,,,,,,,,,,,,,,,,,,,,,,,,,,,,,,,,,,,,,,,,,,,,,,,,,,,,,,,,,,,,,,,,,,,,,,,,,,,,,,,,,,,,,,,,,,,,,,,,,,,,,,,,,,
Spotify Playlist,12,0,0.00%,0,0.00%,,,,,12,12,12,12,12,12,12,12,12,12,11,11,10,10,10,10,10,9,9,9,9,9,9,9,9,9,9,9,9,9,9,8,8,8,8,8,8,8,8,8,8,8,8,7,7,7,7,6,6,5,,,,,,,,,,,,,,,,,,,,,,,,,,,,,,,,,,,,,,,,,,,,,,,,,,,,,,,,,,,,,,,,,,,,,,,,,,,,,,,,,,,,,,,,,,,,,,,,,,,,,,,,,,,,,,,,,,,,,,,,,,,,,,,,,,,,,,,,,,,,,,,,,,